,round,answer,start,update,answeredInRound
0,18446744073709552519,999692734093987600,1706484887,1706484887,18446744073709552519
1,18446744073709552518,998785420348854600,1706398463,1706398463,18446744073709552518
2,18446744073709552517,999565372208657300,1706312051,1706312051,18446744073709552517
3,18446744073709552516,999788787836530000,1706225627,1706225627,18446744073709552516
4,18446744073709552515,999238849662789600,1706139215,1706139215,18446744073709552515
5,18446744073709552514,999492878937945000,1706052803,1706052803,18446744073709552514
6,18446744073709552513,999208874014773700,1705966391,1705966391,18446744073709552513
7,18446744073709552512,999493934419458200,1705879979,1705879979,18446744073709552512
8,18446744073709552511,999411325354754000,1705793555,1705793555,18446744073709552511
9,18446744073709552510,999586948868571100,1705707143,1705707143,18446744073709552510
10,18446744073709552509,999304046108435800,1705620731,1705620731,18446744073709552509
11,18446744073709552508,999699900733487000,1705534319,1705534319,18446744073709552508
12,18446744073709552507,999627179555925800,1705447883,1705447883,18446744073709552507
13,18446744073709552506,999428186669791500,1705361471,1705361471,18446744073709552506
14,18446744073709552505,999545053519253000,1705275059,1705275059,18446744073709552505
15,18446744073709552504,998606242278981000,1705188647,1705188647,18446744073709552504
16,18446744073709552503,999048010936315600,1705102163,1705102163,18446744073709552503
17,18446744073709552502,999063920804316600,1705015727,1705015727,18446744073709552502
18,18446744073709552501,999127188398098800,1704929303,1704929303,18446744073709552501
19,18446744073709552500,998982736160489300,1704842879,1704842879,18446744073709552500
20,18446744073709552499,999613303130320500,1704756467,1704756467,18446744073709552499
21,18446744073709552498,999500663959339000,1704670055,1704670055,18446744073709552498
22,18446744073709552497,998783499176941900,1704583631,1704583631,18446744073709552497
23,18446744073709552496,999384775736754500,1704497219,1704497219,18446744073709552496
24,18446744073709552495,999051930738048100,1704410795,1704410795,18446744073709552495
25,18446744073709552494,999520901630230900,1704324383,1704324383,18446744073709552494
26,18446744073709552493,999405289080402400,1704237971,1704237971,18446744073709552493
27,18446744073709552492,999021912866626400,1704151559,1704151559,18446744073709552492
28,18446744073709552491,999546422316208800,1704065147,1704065147,18446744073709552491
29,18446744073709552490,999406273718791600,1703978735,1703978735,18446744073709552490
30,18446744073709552489,998976217454300100,1703892323,1703892323,18446744073709552489
31,18446744073709552488,999110391433747200,1703805911,1703805911,18446744073709552488
32,18446744073709552487,999461275172666600,1703719499,1703719499,18446744073709552487
33,18446744073709552486,998889932422541400,1703633087,1703633087,18446744073709552486
34,18446744073709552485,998921172685932100,1703546675,1703546675,18446744073709552485
35,18446744073709552484,998864059751314300,1703460263,1703460263,18446744073709552484
36,18446744073709552483,998714098999618600,1703373851,1703373851,18446744073709552483
37,18446744073709552482,998906794607602300,1703287439,1703287439,18446744073709552482
38,18446744073709552481,999200483005465500,1703201027,1703201027,18446744073709552481
39,18446744073709552480,998741628565170200,1703114615,1703114615,18446744073709552480
40,18446744073709552479,999225579672198700,1703028203,1703028203,18446744073709552479
41,18446744073709552478,1000156714838322000,1702941791,1702941791,18446744073709552478
42,18446744073709552477,999792222545213300,1702855379,1702855379,18446744073709552477
43,18446744073709552476,999172536936484700,1702768967,1702768967,18446744073709552476
44,18446744073709552475,1000254261055894000,1702682555,1702682555,18446744073709552475
45,18446744073709552474,997292194285616900,1702596143,1702596143,18446744073709552474
46,18446744073709552473,999302205227788600,1702509731,1702509731,18446744073709552473
47,18446744073709552472,999117557718699400,1702423307,1702423307,18446744073709552472
48,18446744073709552471,999004824054778100,1702336895,1702336895,18446744073709552471
49,18446744073709552470,999514140596643800,1702250471,1702250471,18446744073709552470
50,18446744073709552469,999473402892853500,1702164059,1702164059,18446744073709552469
51,18446744073709552468,999592046149526200,1702077647,1702077647,18446744073709552468
52,18446744073709552467,999500000000000000,1701991235,1701991235,18446744073709552467
53,18446744073709552466,999900000000000000,1701904811,1701904811,18446744073709552466
54,18446744073709552465,999215158911709000,1701818387,1701818387,18446744073709552465
55,18446744073709552464,998553655608560100,1701731963,1701731963,18446744073709552464
56,18446744073709552463,999944766133110700,1701645539,1701645539,18446744073709552463
57,18446744073709552462,999126599166032300,1701559115,1701559115,18446744073709552462
58,18446744073709552461,999541682193935200,1701472703,1701472703,18446744073709552461
59,18446744073709552460,999421607997210900,1701386291,1701386291,18446744073709552460
60,18446744073709552459,999439071364140600,1701299867,1701299867,18446744073709552459
61,18446744073709552458,999686741434368500,1701213455,1701213455,18446744073709552458
62,18446744073709552457,999361874271695000,1701127043,1701127043,18446744073709552457
63,18446744073709552456,999668908364503600,1701040619,1701040619,18446744073709552456
64,18446744073709552455,999322379411057700,1700954207,1700954207,18446744073709552455
65,18446744073709552454,999220493255059900,1700867795,1700867795,18446744073709552454
66,18446744073709552453,999063944168010600,1700781383,1700781383,18446744073709552453
67,18446744073709552452,999664047558106700,1700694971,1700694971,18446744073709552452
68,18446744073709552451,999454722384187000,1700608487,1700608487,18446744073709552451
69,18446744073709552450,999379197566087200,1700522075,1700522075,18446744073709552450
70,18446744073709552449,999178822872990000,1700435651,1700435651,18446744073709552449
71,18446744073709552448,998396118175080300,1700349239,1700349239,18446744073709552448
72,18446744073709552447,998666829396238100,1700262827,1700262827,18446744073709552447
73,18446744073709552446,999430489779726900,1700176415,1700176415,18446744073709552446
74,18446744073709552445,999500000000000000,1700090003,1700090003,18446744073709552445
75,18446744073709552444,999387153008578800,1700003591,1700003591,18446744073709552444
76,18446744073709552443,999419403221150700,1699917179,1699917179,18446744073709552443
77,18446744073709552442,998918684011422300,1699830743,1699830743,18446744073709552442
78,18446744073709552441,999423390497362700,1699744331,1699744331,18446744073709552441
79,18446744073709552440,997909710394627800,1699657919,1699657919,18446744073709552440
80,18446744073709552439,998985987863187900,1699571495,1699571495,18446744073709552439
81,18446744073709552438,999400000000000000,1699485071,1699485071,18446744073709552438
82,18446744073709552437,999452254614555900,1699398659,1699398659,18446744073709552437
83,18446744073709552436,999601410265011000,1699312235,1699312235,18446744073709552436
84,18446744073709552435,997156337817205000,1699225811,1699225811,18446744073709552435
85,18446744073709552434,996772479987920400,1699139327,1699139327,18446744073709552434
86,18446744073709552433,999602487248566900,1699052903,1699052903,18446744073709552433
87,18446744073709552432,999394268477750900,1698966479,1698966479,18446744073709552432
88,18446744073709552431,999050616845048600,1698879995,1698879995,18446744073709552431
89,18446744073709552430,999462475755925400,1698793571,1698793571,18446744073709552430
90,18446744073709552429,999290176250087300,1698707159,1698707159,18446744073709552429
91,18446744073709552428,999665963472168900,1698620735,1698620735,18446744073709552428
92,18446744073709552427,999400739520325800,1698534323,1698534323,18446744073709552427
93,18446744073709552426,998904086840862800,1698447899,1698447899,18446744073709552426
94,18446744073709552425,999664495547935800,1698361487,1698361487,18446744073709552425
95,18446744073709552424,999129117680692600,1698275063,1698275063,18446744073709552424
96,18446744073709552423,998900000000000000,1698188627,1698188627,18446744073709552423
97,18446744073709552422,998579377399576600,1698102215,1698102215,18446744073709552422
98,18446744073709552421,993371397896753500,1698102095,1698102095,18446744073709552421
99,18446744073709552420,998549287638981500,1698050567,1698050567,18446744073709552420
100,18446744073709552419,999241967955636400,1697964155,1697964155,18446744073709552419
101,18446744073709552418,999650556596938200,1697877719,1697877719,18446744073709552418
102,18446744073709552417,999400000000000000,1697791295,1697791295,18446744073709552417
103,18446744073709552416,999930675463606800,1697704871,1697704871,18446744073709552416
104,18446744073709552415,999957581215474200,1697618435,1697618435,18446744073709552415
105,18446744073709552414,999698915670794300,1697532011,1697532011,18446744073709552414
106,18446744073709552413,999660190217713500,1697445587,1697445587,18446744073709552413
107,18446744073709552412,999863959013623700,1697359175,1697359175,18446744073709552412
108,18446744073709552411,999612926991808100,1697272763,1697272763,18446744073709552411
109,18446744073709552410,999785117078146000,1697186351,1697186351,18446744073709552410
110,18446744073709552409,999831263340097900,1697099927,1697099927,18446744073709552409
111,18446744073709552408,999729564252555100,1697013515,1697013515,18446744073709552408
112,18446744073709552407,999364534749762300,1696927079,1696927079,18446744073709552407
113,18446744073709552406,999751672337422500,1696840643,1696840643,18446744073709552406
114,18446744073709552405,999650053281778000,1696754171,1696754171,18446744073709552405
115,18446744073709552404,999599791133624000,1696667747,1696667747,18446744073709552404
116,18446744073709552403,999269521906733500,1696581311,1696581311,18446744073709552403
117,18446744073709552402,999477976676279800,1696494899,1696494899,18446744073709552402
118,18446744073709552401,999749687640344900,1696408487,1696408487,18446744073709552401
119,18446744073709552400,999830763325963200,1696322075,1696322075,18446744073709552400
120,18446744073709552399,1000170147426070000,1696235651,1696235651,18446744073709552399
121,18446744073709552398,999907993271905400,1696149239,1696149239,18446744073709552398
122,18446744073709552397,999668294056691300,1696062803,1696062803,18446744073709552397
123,18446744073709552396,999776842016215100,1695976391,1695976391,18446744073709552396
124,18446744073709552395,999943498686216300,1695889979,1695889979,18446744073709552395
125,18446744073709552394,999842433044794400,1695803555,1695803555,18446744073709552394
126,18446744073709552393,999854094278917400,1695717143,1695717143,18446744073709552393
127,18446744073709552392,999842920000000000,1695630719,1695630719,18446744073709552392
128,18446744073709552391,999800000000000000,1695544307,1695544307,18446744073709552391
129,18446744073709552390,999855530000000000,1695457895,1695457895,18446744073709552390
130,18446744073709552389,999900000000000000,1695371471,1695371471,18446744073709552389
131,18446744073709552388,999727108060233900,1695285059,1695285059,18446744073709552388
132,18446744073709552387,999900000000000000,1695198647,1695198647,18446744073709552387
133,18446744073709552386,999637685774534900,1695112235,1695112235,18446744073709552386
134,18446744073709552385,1000000000000000000,1695025811,1695025811,18446744073709552385
135,18446744073709552384,999952840563897900,1694939375,1694939375,18446744073709552384
136,18446744073709552383,999800000000000000,1694852939,1694852939,18446744073709552383
137,18446744073709552382,1000244323337154300,1694766527,1694766527,18446744073709552382
138,18446744073709552381,999871761372222400,1694680091,1694680091,18446744073709552381
139,18446744073709552380,999727925881619700,1694593679,1694593679,18446744073709552380
140,18446744073709552379,999740565633467200,1694507243,1694507243,18446744073709552379
141,18446744073709552378,999930740000000000,1694420831,1694420831,18446744073709552378
142,18446744073709552377,999694126832463500,1694334419,1694334419,18446744073709552377
143,18446744073709552376,999637196197048000,1694247995,1694247995,18446744073709552376
144,18446744073709552375,999497410898901000,1694161523,1694161523,18446744073709552375
145,18446744073709552374,999343445949134700,1694075111,1694075111,18446744073709552374
146,18446744073709552373,999600000000000000,1693988699,1693988699,18446744073709552373
147,18446744073709552372,999294159926212200,1693902287,1693902287,18446744073709552372
148,18446744073709552371,1000285507522448000,1693815815,1693815815,18446744073709552371
149,18446744073709552370,999468560000000000,1693729379,1693729379,18446744073709552370
150,18446744073709552369,999399723202931600,1693642955,1693642955,18446744073709552369
151,18446744073709552368,999700000000000000,1693556543,1693556543,18446744073709552368
152,18446744073709552367,999742537855450100,1693470131,1693470131,18446744073709552367
153,18446744073709552366,999675211221650200,1693383707,1693383707,18446744073709552366
154,18446744073709552365,999700000000000000,1693297295,1693297295,18446744073709552365
155,18446744073709552364,999529398682591900,1693210823,1693210823,18446744073709552364
156,18446744073709552363,999618070000000000,1693124411,1693124411,18446744073709552363
157,18446744073709552362,999931372879375400,1693037999,1693037999,18446744073709552362
158,18446744073709552361,999515427465803500,1692951575,1692951575,18446744073709552361
159,18446744073709552360,999646740563109000,1692865079,1692865079,18446744073709552360
160,18446744073709552359,999434800000000000,1692778643,1692778643,18446744073709552359
161,18446744073709552358,1001169579220991100,1692692231,1692692231,18446744073709552358
162,18446744073709552357,1000102658879918650,1692605819,1692605819,18446744073709552357
163,18446744073709552356,999809520000000000,1692519383,1692519383,18446744073709552356
164,18446744073709552355,999965431614992500,1692432959,1692432959,18446744073709552355
165,18446744073709552354,999546720000000000,1692346535,1692346535,18446744073709552354
166,18446744073709552353,999384110000000000,1692260123,1692260123,18446744073709552353
167,18446744073709552352,999772083880718400,1692173711,1692173711,18446744073709552352
168,18446744073709552351,1000000000000000000,1692087287,1692087287,18446744073709552351
169,18446744073709552350,999748842044511100,1692000851,1692000851,18446744073709552350
170,18446744073709552349,1000000000000000000,1691914439,1691914439,18446744073709552349
171,18446744073709552348,999919521273850200,1691828027,1691828027,18446744073709552348
172,18446744073709552347,999586290000000000,1691741603,1691741603,18446744073709552347
173,18446744073709552346,999800000000000000,1691655167,1691655167,18446744073709552346
174,18446744073709552345,999800001773490700,1691568755,1691568755,18446744073709552345
175,18446744073709552344,999912200000000000,1691482343,1691482343,18446744073709552344
176,18446744073709552343,999525570000000000,1691395931,1691395931,18446744073709552343
177,18446744073709552342,999334035000000000,1691309519,1691309519,18446744073709552342
178,18446744073709552341,999348730000000000,1691223083,1691223083,18446744073709552341
179,18446744073709552340,999800000000000000,1691136671,1691136671,18446744073709552340
180,18446744073709552339,999500000000000000,1691050235,1691050235,18446744073709552339
181,18446744073709552338,999528324496556400,1690963799,1690963799,18446744073709552338
182,18446744073709552337,999380069534131700,1690877363,1690877363,18446744073709552337
183,18446744073709552336,998382920000000000,1690790939,1690790939,18446744073709552336
184,18446744073709552335,999344702855679100,1690704527,1690704527,18446744073709552335
185,18446744073709552334,999605376537071800,1690618103,1690618103,18446744073709552334
186,18446744073709552333,999731171552062700,1690531691,1690531691,18446744073709552333
187,18446744073709552332,999917620000000000,1690445267,1690445267,18446744073709552332
188,18446744073709552331,999780589354068800,1690358831,1690358831,18446744073709552331
189,18446744073709552330,999809713846297700,1690272395,1690272395,18446744073709552330
190,18446744073709552329,999849611172505600,1690185983,1690185983,18446744073709552329
191,18446744073709552328,999700000000000000,1690099571,1690099571,18446744073709552328
192,18446744073709552327,999650820000000000,1690013135,1690013135,18446744073709552327
193,18446744073709552326,999800000000000000,1689926723,1689926723,18446744073709552326
194,18446744073709552325,999100000000000000,1689840299,1689840299,18446744073709552325
195,18446744073709552324,999535046412570000,1689753863,1689753863,18446744073709552324
196,18446744073709552323,999566904942590200,1689667451,1689667451,18446744073709552323
197,18446744073709552322,999862400000000000,1689581039,1689581039,18446744073709552322
198,18446744073709552321,999714437967525200,1689494627,1689494627,18446744073709552321
199,18446744073709552320,999728911785352500,1689408215,1689408215,18446744073709552320
200,18446744073709552319,998998886135862000,1689321803,1689321803,18446744073709552319
201,18446744073709552318,999225710954109700,1689235391,1689235391,18446744073709552318
202,18446744073709552317,999500000000000000,1689148979,1689148979,18446744073709552317
203,18446744073709552316,999617470000000000,1689062567,1689062567,18446744073709552316
204,18446744073709552315,999606390000000000,1688976155,1688976155,18446744073709552315
205,18446744073709552314,999636341202941000,1688889743,1688889743,18446744073709552314
206,18446744073709552313,999736251686281600,1688889647,1688889647,18446744073709552313
207,18446744073709552312,999671610879691500,1688803175,1688803175,18446744073709552312
208,18446744073709552311,999776414668655900,1688716763,1688716763,18446744073709552311
209,18446744073709552310,999865575238368000,1688630327,1688630327,18446744073709552310
210,18446744073709552309,999578035000000000,1688543903,1688543903,18446744073709552309
211,18446744073709552308,999671084444596400,1688457491,1688457491,18446744073709552308
212,18446744073709552307,999591428448805300,1688371067,1688371067,18446744073709552307
213,18446744073709552306,999550685002484300,1688284643,1688284643,18446744073709552306
214,18446744073709552305,998900000000000000,1688198231,1688198231,18446744073709552305
215,18446744073709552304,998224703890078600,1688111819,1688111819,18446744073709552304
216,18446744073709552303,998773810070932000,1688025383,1688025383,18446744073709552303
217,18446744073709552302,999500000000000000,1687938959,1687938959,18446744073709552302
218,18446744073709552301,999940221221875500,1687852535,1687852535,18446744073709552301
219,18446744073709552300,998746620000000000,1687766099,1687766099,18446744073709552300
220,18446744073709552299,999234835455790000,1687679663,1687679663,18446744073709552299
221,18446744073709552298,999760236328174300,1687593251,1687593251,18446744073709552298
222,18446744073709552297,999140826515295100,1687506839,1687506839,18446744073709552297
223,18446744073709552296,999675922987888000,1687420427,1687420427,18446744073709552296
224,18446744073709552295,999017430439014500,1687333991,1687333991,18446744073709552295
225,18446744073709552294,999740850153032500,1687247579,1687247579,18446744073709552294
226,18446744073709552293,999031503971775800,1687161167,1687161167,18446744073709552293
227,18446744073709552292,999180570000000000,1687074755,1687074755,18446744073709552292
228,18446744073709552291,999282571787698700,1686988331,1686988331,18446744073709552291
229,18446744073709552290,999115690000000000,1686901919,1686901919,18446744073709552290
230,18446744073709552289,998923509441786300,1686815507,1686815507,18446744073709552289
231,18446744073709552288,998773860000000000,1686729071,1686729071,18446744073709552288
232,18446744073709552287,999184250000000000,1686642635,1686642635,18446744073709552287
233,18446744073709552286,999218948572311500,1686556223,1686556223,18446744073709552286
234,18446744073709552285,999221093693951600,1686469811,1686469811,18446744073709552285
235,18446744073709552284,999083522042459000,1686383399,1686383399,18446744073709552284
236,18446744073709552283,999244050923534300,1686296987,1686296987,18446744073709552283
237,18446744073709552282,998771362621005500,1686210575,1686210575,18446744073709552282
238,18446744073709552281,998927761450758600,1686124163,1686124163,18446744073709552281
239,18446744073709552280,999888071341326800,1686037751,1686037751,18446744073709552280
240,18446744073709552279,999924111869113000,1685951327,1685951327,18446744073709552279
241,18446744073709552278,998550902850939400,1685864903,1685864903,18446744073709552278
242,18446744073709552277,998612243135714500,1685778491,1685778491,18446744073709552277
243,18446744073709552276,993639697763833400,1685774471,1685774471,18446744073709552276
244,18446744073709552275,999110799835289700,1685728211,1685728211,18446744073709552275
245,18446744073709552274,999353858723467550,1685641799,1685641799,18446744073709552274
246,18446744073709552273,999576217471600700,1685555387,1685555387,18446744073709552273
247,18446744073709552272,998822154432901200,1685468975,1685468975,18446744073709552272
248,18446744073709552271,999453570000000000,1685382563,1685382563,18446744073709552271
249,18446744073709552270,998357172196525000,1685296151,1685296151,18446744073709552270
250,18446744073709552269,999665857614751400,1685209727,1685209727,18446744073709552269
251,18446744073709552268,999660430573993600,1685123303,1685123303,18446744073709552268
252,18446744073709552267,999660430573993600,1685123015,1685123015,18446744073709552267
253,18446744073709552266,999496637723773400,1685036531,1685036531,18446744073709552266
254,18446744073709552265,999454130130943000,1684950119,1684950119,18446744073709552265
255,18446744073709552264,999320350000000000,1684863707,1684863707,18446744073709552264
256,18446744073709552263,998973730333665500,1684777295,1684777295,18446744073709552263
257,18446744073709552262,999801176544124900,1684690883,1684690883,18446744073709552262
258,18446744073709552261,999122319343705900,1684604471,1684604471,18446744073709552261
259,18446744073709552260,999652316524379800,1684518059,1684518059,18446744073709552260
260,18446744073709552259,1000151316541913800,1684431635,1684431635,18446744073709552259
261,18446744073709552258,999688658242628500,1684345211,1684345211,18446744073709552258
262,18446744073709552257,998629726494833400,1684258787,1684258787,18446744073709552257
263,18446744073709552256,998960370769624500,1684172375,1684172375,18446744073709552256
264,18446744073709552255,999006103908076200,1684085963,1684085963,18446744073709552255
265,18446744073709552254,999930296489219200,1683999551,1683999551,18446744073709552254
266,18446744073709552253,999619882122094000,1683913079,1683913079,18446744073709552253
267,18446744073709552252,999400000000000000,1683826619,1683826619,18446744073709552252
268,18446744073709552251,1004460814565182300,1683825959,1683825959,18446744073709552251
269,18446744073709552250,999356658216386800,1683740867,1683740867,18446744073709552250
270,18446744073709552249,1004665900000000000,1683739391,1683739391,18446744073709552249
271,18446744073709552248,999513012679073800,1683728147,1683728147,18446744073709552248
272,18446744073709552247,999504199164022300,1683641663,1683641663,18446744073709552247
273,18446744073709552246,999053687014744600,1683555239,1683555239,18446744073709552246
274,18446744073709552245,999180216119452200,1683468767,1683468767,18446744073709552245
275,18446744073709552244,1002512833321601300,1683382355,1683382355,18446744073709552244
276,18446744073709552243,997265198653368300,1683307367,1683307367,18446744073709552243
277,18446744073709552242,998388085298263500,1683220895,1683220895,18446744073709552242
278,18446744073709552241,997760074976569800,1683134447,1683134447,18446744073709552241
279,18446744073709552240,998577596278437200,1683048035,1683048035,18446744073709552240
280,18446744073709552239,997283010000000000,1682961611,1682961611,18446744073709552239
281,18446744073709552238,998494147812123200,1682954087,1682954087,18446744073709552238
282,18446744073709552237,999108472933772300,1682867675,1682867675,18446744073709552237
283,18446744073709552236,998521034479174800,1682781263,1682781263,18446744073709552236
284,18446744073709552235,999056353308530000,1682694851,1682694851,18446744073709552235
285,18446744073709552234,997933333959574000,1682608439,1682608439,18446744073709552234
286,18446744073709552233,997679478565042600,1682522027,1682522027,18446744073709552233
287,18446744073709552232,998493461734058700,1682435603,1682435603,18446744073709552232
288,18446744073709552231,999581857851165200,1682349191,1682349191,18446744073709552231
289,18446744073709552230,999528905131986300,1682262779,1682262779,18446744073709552230
290,18446744073709552229,998308010000000000,1682176367,1682176367,18446744073709552229
291,18446744073709552228,998488919304021300,1682089931,1682089931,18446744073709552228
292,18446744073709552227,999132190770123200,1682003507,1682003507,18446744073709552227
293,18446744073709552226,999447991580981600,1681917083,1681917083,18446744073709552226
294,18446744073709552225,999855256007539100,1681830671,1681830671,18446744073709552225
295,18446744073709552224,998601010000000000,1681744259,1681744259,18446744073709552224
296,18446744073709552223,999657599125495500,1681657763,1681657763,18446744073709552223
297,18446744073709552222,997086238576472400,1681571351,1681571351,18446744073709552222
298,18446744073709552221,998172633645588100,1681484939,1681484939,18446744073709552221
299,18446744073709552220,997926350400642500,1681398527,1681398527,18446744073709552220
300,18446744073709552219,996122304783133800,1681312103,1681312103,18446744073709552219
301,18446744073709552218,996594293649217600,1681225679,1681225679,18446744073709552218
302,18446744073709552217,996055550871581600,1681139243,1681139243,18446744073709552217
303,18446744073709552216,996073573854942100,1681052831,1681052831,18446744073709552216
304,18446744073709552215,995029365832972450,1680966419,1680966419,18446744073709552215
305,18446744073709552214,996468154666394200,1680880007,1680880007,18446744073709552214
306,18446744073709552213,995454491096831400,1680793595,1680793595,18446744073709552213
307,18446744073709552212,997337692108940000,1680707183,1680707183,18446744073709552212
308,18446744073709552211,997452779469429600,1680620771,1680620771,18446744073709552211
309,18446744073709552210,998447901720942200,1680534347,1680534347,18446744073709552210
310,18446744073709552209,998755382303483900,1680447923,1680447923,18446744073709552209
311,18446744073709552208,998300000000000000,1680361487,1680361487,18446744073709552208
312,18446744073709552207,996344515173638500,1680275075,1680275075,18446744073709552207
313,18446744073709552206,997700000000000000,1680188663,1680188663,18446744073709552206
314,18446744073709552205,998887265196233800,1680102227,1680102227,18446744073709552205
315,18446744073709552204,998470210000000000,1680015791,1680015791,18446744073709552204
316,18446744073709552203,998483824769375700,1679929379,1679929379,18446744073709552203
317,18446744073709552202,998529198244798950,1679842955,1679842955,18446744073709552202
318,18446744073709552201,998809935435705300,1679756543,1679756543,18446744073709552201
319,18446744073709552200,997870685866905600,1679670131,1679670131,18446744073709552200
320,18446744073709552199,998170267474304800,1679583719,1679583719,18446744073709552199
321,18446744073709552198,997656576912524400,1679497295,1679497295,18446744073709552198
322,18446744073709552197,999326190000000000,1679410763,1679410763,18446744073709552197
323,18446744073709552196,998108029869419400,1679324351,1679324351,18446744073709552196
324,18446744073709552195,997975439412179100,1679237939,1679237939,18446744073709552195
325,18446744073709552194,997729630757966700,1679151515,1679151515,18446744073709552194
326,18446744073709552193,997665424671135000,1679065091,1679065091,18446744073709552193
327,18446744073709552192,996146426272156400,1678978679,1678978679,18446744073709552192
328,18446744073709552191,996695613050173000,1678892267,1678892267,18446744073709552191
329,18446744073709552190,996343312845620550,1678805855,1678805855,18446744073709552190
330,18446744073709552189,996227539896286300,1678719431,1678719431,18446744073709552189
331,18446744073709552188,996181716867654100,1678633019,1678633019,18446744073709552188
332,18446744073709552187,992714399681368500,1678546607,1678546607,18446744073709552187
333,18446744073709552186,998622679347685700,1678460183,1678460183,18446744073709552186
334,18446744073709552185,999478341158849000,1678373771,1678373771,18446744073709552185
335,18446744073709552184,999073249297230700,1678287335,1678287335,18446744073709552184
336,18446744073709552183,999052831792296600,1678200923,1678200923,18446744073709552183
337,18446744073709552182,998279139968107500,1678114499,1678114499,18446744073709552182
338,18446744073709552181,998037615370989100,1678028087,1678028087,18446744073709552181
339,18446744073709552180,997882979664944200,1677941675,1677941675,18446744073709552180
340,18446744073709552179,999091455975946600,1677855251,1677855251,18446744073709552179
341,18446744073709552178,998191525919078400,1677768839,1677768839,18446744073709552178
342,18446744073709552177,998226991861803300,1677682415,1677682415,18446744073709552177
343,18446744073709552176,998251120000000000,1677595991,1677595991,18446744073709552176
344,18446744073709552175,999294100000000000,1677509519,1677509519,18446744073709552175
345,18446744073709552174,998644190000000000,1677423095,1677423095,18446744073709552174
346,18446744073709552173,999082699859513400,1677336683,1677336683,18446744073709552173
347,18446744073709552172,998851635365810100,1677250271,1677250271,18446744073709552172
348,18446744073709552171,997895630000000000,1677163859,1677163859,18446744073709552171
349,18446744073709552170,998475443046528800,1677077447,1677077447,18446744073709552170
350,18446744073709552169,998936520000000000,1676991011,1676991011,18446744073709552169
351,18446744073709552168,998902496833938400,1676904599,1676904599,18446744073709552168
352,18446744073709552167,998805337253573000,1676818163,1676818163,18446744073709552167
353,18446744073709552166,998923774943604600,1676731751,1676731751,18446744073709552166
354,18446744073709552165,999014440000000000,1676645327,1676645327,18446744073709552165
355,18446744073709552164,999166497241316900,1676558903,1676558903,18446744073709552164
356,18446744073709552163,999540600000000000,1676472479,1676472479,18446744073709552163
357,18446744073709552162,998442750000000000,1676386067,1676386067,18446744073709552162
358,18446744073709552161,998715040000000000,1676299655,1676299655,18446744073709552161
359,18446744073709552160,999871074250539300,1676213243,1676213243,18446744073709552160
360,18446744073709552159,998946713500200600,1676126819,1676126819,18446744073709552159
361,18446744073709552158,997780619008107400,1676040395,1676040395,18446744073709552158
362,18446744073709552157,998204100000000000,1675953959,1675953959,18446744073709552157
363,18446744073709552156,998090742941079800,1675867547,1675867547,18446744073709552156
364,18446744073709552155,997319773611867200,1675781111,1675781111,18446744073709552155
365,18446744073709552154,997394670000000000,1675694699,1675694699,18446744073709552154
366,18446744073709552153,997715790000000000,1675608275,1675608275,18446744073709552153
367,18446744073709552152,996797725601991900,1675521851,1675521851,18446744073709552152
368,18446744073709552151,996753060000000000,1675435391,1675435391,18446744073709552151
369,18446744073709552150,996791765545976400,1675348979,1675348979,18446744073709552150
370,18446744073709552149,996348390518872700,1675262555,1675262555,18446744073709552149
371,18446744073709552148,996139190801924800,1675176131,1675176131,18446744073709552148
372,18446744073709552147,998112298241809700,1675089719,1675089719,18446744073709552147
373,18446744073709552146,997882215511044300,1675003307,1675003307,18446744073709552146
374,18446744073709552145,998970855970475200,1674916895,1674916895,18446744073709552145
375,18446744073709552144,997715818454411900,1674830471,1674830471,18446744073709552144
376,18446744073709552143,997720528407226800,1674744059,1674744059,18446744073709552143
377,18446744073709552142,997695536957027400,1674657623,1674657623,18446744073709552142
378,18446744073709552141,998171518335298700,1674571187,1674571187,18446744073709552141
379,18446744073709552140,995793473298673000,1674484751,1674484751,18446744073709552140
380,18446744073709552139,996345461799872200,1674398327,1674398327,18446744073709552139
381,18446744073709552138,996163972673952000,1674311915,1674311915,18446744073709552138
382,18446744073709552137,996781564991013700,1674225491,1674225491,18446744073709552137
383,18446744073709552136,997056570000000000,1674139067,1674139067,18446744073709552136
384,18446744073709552135,994558819789112100,1674052655,1674052655,18446744073709552135
385,18446744073709552134,993965503723622600,1673966231,1673966231,18446744073709552134
386,18446744073709552133,993264184005636700,1673879795,1673879795,18446744073709552133
387,18446744073709552132,993526860000000000,1673793371,1673793371,18446744073709552132
388,18446744073709552131,991105937306509950,1673706947,1673706947,18446744073709552131
389,18446744073709552130,993017680000000000,1673620511,1673620511,18446744073709552130
390,18446744073709552129,992876109797335400,1673534099,1673534099,18446744073709552129
391,18446744073709552128,992092180000000000,1673447663,1673447663,18446744073709552128
392,18446744073709552127,991927020000000000,1673361251,1673361251,18446744073709552127
393,18446744073709552126,991332000000000000,1673274839,1673274839,18446744073709552126
394,18446744073709552125,991442859855311000,1673188367,1673188367,18446744073709552125
395,18446744073709552124,989263035265722300,1673101895,1673101895,18446744073709552124
396,18446744073709552123,987923088960756000,1673015459,1673015459,18446744073709552123
397,18446744073709552122,988080890000000000,1672928975,1672928975,18446744073709552122
398,18446744073709552121,987516781135079600,1672842563,1672842563,18446744073709552121
399,18446744073709552120,987081800889779400,1672756139,1672756139,18446744073709552120
400,18446744073709552119,986827878054255800,1672669727,1672669727,18446744073709552119
401,18446744073709552118,987605093545255600,1672583303,1672583303,18446744073709552118
402,18446744073709552117,988485997617445300,1672496891,1672496891,18446744073709552117
403,18446744073709552116,988673910000000000,1672410479,1672410479,18446744073709552116
404,18446744073709552115,989207430000000000,1672324067,1672324067,18446744073709552115
405,18446744073709552114,989452040000000000,1672237643,1672237643,18446744073709552114
406,18446744073709552113,989738325068099300,1672151231,1672151231,18446744073709552113
407,18446744073709552112,989613279922103600,1672064819,1672064819,18446744073709552112
408,18446744073709552111,988879432538398300,1671978395,1671978395,18446744073709552111
409,18446744073709552110,989374883791859100,1671891983,1671891983,18446744073709552110
410,18446744073709552109,990354113028623400,1671805571,1671805571,18446744073709552109
411,18446744073709552108,988693980000000000,1671719147,1671719147,18446744073709552108
412,18446744073709552107,989414308317049900,1671632735,1671632735,18446744073709552107
413,18446744073709552106,988697441120785800,1671546323,1671546323,18446744073709552106
414,18446744073709552105,989407310000000000,1671459899,1671459899,18446744073709552105
415,18446744073709552104,989720508073716400,1671373487,1671373487,18446744073709552104
416,18446744073709552103,989390759537937500,1671287051,1671287051,18446744073709552103
417,18446744073709552102,988942840183442700,1671200615,1671200615,18446744073709552102
418,18446744073709552101,988870764782755900,1671114191,1671114191,18446744073709552101
419,18446744073709552100,989329823809207300,1671027767,1671027767,18446744073709552100
420,18446744073709552099,989861761869008500,1670941319,1670941319,18446744073709552099
421,18446744073709552098,988824080000000000,1670854883,1670854883,18446744073709552098
422,18446744073709552097,988705309079782400,1670768459,1670768459,18446744073709552097
423,18446744073709552096,988394169010714400,1670682035,1670682035,18446744073709552096
424,18446744073709552095,988820431413961400,1670595623,1670595623,18446744073709552095
425,18446744073709552094,988730890000000000,1670509211,1670509211,18446744073709552094
426,18446744073709552093,988533510000000000,1670493611,1670493611,18446744073709552093
427,18446744073709552092,988579271851765200,1670407187,1670407187,18446744073709552092
428,18446744073709552091,987876970170835600,1670320751,1670320751,18446744073709552091
429,18446744073709552090,988948971633490800,1670234339,1670234339,18446744073709552090
430,18446744073709552089,988904992448854000,1670147927,1670147927,18446744073709552089
431,18446744073709552088,989169750000000000,1670061515,1670061515,18446744073709552088
432,18446744073709552087,989540280000000000,1669975091,1669975091,18446744073709552087
433,18446744073709552086,989727620000000000,1669888667,1669888667,18446744073709552086
434,18446744073709552085,988959725830549800,1669802255,1669802255,18446744073709552085
435,18446744073709552084,986773050000000000,1669715843,1669715843,18446744073709552084
436,18446744073709552083,986502125308220000,1669629419,1669629419,18446744073709552083
437,18446744073709552082,982659256537208500,1669542995,1669542995,18446744073709552082
438,18446744073709552081,981858184155045400,1669456583,1669456583,18446744073709552081
439,18446744073709552080,979649953857951700,1669370159,1669370159,18446744073709552080
440,18446744073709552079,979711897527868700,1669283747,1669283747,18446744073709552079
441,18446744073709552078,982804380191146200,1669197311,1669197311,18446744073709552078
442,18446744073709552077,985250140000000000,1669110887,1669110887,18446744073709552077
443,18446744073709552076,985550077233928300,1669024451,1669024451,18446744073709552076
444,18446744073709552075,989121571801216700,1668938015,1668938015,18446744073709552075
445,18446744073709552074,988850260355198300,1668851591,1668851591,18446744073709552074
446,18446744073709552073,989522929162677900,1668765179,1668765179,18446744073709552073
447,18446744073709552072,990823280000000000,1668678755,1668678755,18446744073709552072
448,18446744073709552071,991297048208440400,1668592331,1668592331,18446744073709552071
449,18446744073709552070,990215130000000000,1668505907,1668505907,18446744073709552070
450,18446744073709552069,986929068299789500,1668419483,1668419483,18446744073709552069
451,18446744073709552068,989126470000000000,1668333059,1668333059,18446744073709552068
452,18446744073709552067,987621636811528600,1668246635,1668246635,18446744073709552067
453,18446744073709552066,993304279285054300,1668160223,1668160223,18446744073709552066
454,18446744073709552065,988416228184922100,1668073811,1668073811,18446744073709552065
455,18446744073709552064,989752620000000000,1667987375,1667987375,18446744073709552064
456,18446744073709552063,994794834676969900,1667900939,1667900939,18446744073709552063
457,18446744073709552062,998240910000000000,1667814527,1667814527,18446744073709552062
458,18446744073709552061,999156929325504000,1667728103,1667728103,18446744073709552061
459,18446744073709552060,999490649643952600,1667641691,1667641691,18446744073709552060
460,18446744073709552059,999253519653983600,1667555279,1667555279,18446744073709552059
461,18446744073709552058,999017540000000000,1667468867,1667468867,18446744073709552058
462,18446744073709552057,999442590000000000,1667382443,1667382443,18446744073709552057
463,18446744073709552056,998885835233731100,1667296007,1667296007,18446744073709552056
464,18446744073709552055,998393370000000000,1667209595,1667209595,18446744073709552055
465,18446744073709552054,999316306417124500,1667123171,1667123171,18446744073709552054
466,18446744073709552053,999786680000000000,1667036735,1667036735,18446744073709552053
467,18446744073709552052,999421583090184300,1666950299,1666950299,18446744073709552052
468,18446744073709552051,999157503260936200,1666863887,1666863887,18446744073709552051
469,18446744073709552050,999151090000000000,1666777475,1666777475,18446744073709552050
470,18446744073709552049,999631420000000000,1666691063,1666691063,18446744073709552049
471,18446744073709552048,998230050000000000,1666604651,1666604651,18446744073709552048
472,18446744073709552047,997483330000000000,1666518227,1666518227,18446744073709552047
473,18446744073709552046,997899050000000000,1666431803,1666431803,18446744073709552046
474,18446744073709552045,998005785048528100,1666345379,1666345379,18446744073709552045
475,18446744073709552044,997695569635495100,1666258943,1666258943,18446744073709552044
476,18446744073709552043,997492207901794200,1666172531,1666172531,18446744073709552043
477,18446744073709552042,996642340000000000,1666086095,1666086095,18446744073709552042
478,18446744073709552041,995750962316350400,1665999647,1665999647,18446744073709552041
479,18446744073709552040,995517823616447500,1665913223,1665913223,18446744073709552040
480,18446744073709552039,994409060000000000,1665826811,1665826811,18446744073709552039
481,18446744073709552038,994548940000000000,1665740387,1665740387,18446744073709552038
482,18446744073709552037,995436806050370400,1665653963,1665653963,18446744073709552037
483,18446744073709552036,995393450000000000,1665567527,1665567527,18446744073709552036
484,18446744073709552035,994698550000000000,1665481091,1665481091,18446744073709552035
485,18446744073709552034,994236660000000000,1665394655,1665394655,18446744073709552034
486,18446744073709552033,994153170000000000,1665308243,1665308243,18446744073709552033
487,18446744073709552032,994326295531008600,1665221807,1665221807,18446744073709552032
488,18446744073709552031,995908900000000000,1665135371,1665135371,18446744073709552031
489,18446744073709552030,995118730000000000,1665048923,1665048923,18446744073709552030
490,18446744073709552029,995015208926223600,1664962499,1664962499,18446744073709552029
491,18446744073709552028,994587074811878700,1664876075,1664876075,18446744073709552028
492,18446744073709552027,994142880000000000,1664789639,1664789639,18446744073709552027
493,18446744073709552026,999143870000000000,1664703215,1664703215,18446744073709552026
494,18446744073709552025,998603628987683300,1664616767,1664616767,18446744073709552025
495,18446744073709552024,998781951929080600,1664530343,1664530343,18446744073709552024
496,18446744073709552023,997676224779039700,1664443919,1664443919,18446744073709552023
497,18446744073709552022,997199096637383200,1664357507,1664357507,18446744073709552022
498,18446744073709552021,998523444637113700,1664271071,1664271071,18446744073709552021
499,18446744073709552020,996168600000000000,1664184647,1664184647,18446744073709552020
500,18446744073709552019,995136370000000000,1664098211,1664098211,18446744073709552019
501,18446744073709552018,994678539181206300,1664011787,1664011787,18446744073709552018
502,18446744073709552017,994917332967641250,1663925363,1663925363,18446744073709552017
503,18446744073709552016,992821770000000000,1663838927,1663838927,18446744073709552016
504,18446744073709552015,992646380000000000,1663752503,1663752503,18446744073709552015
505,18446744073709552014,991780609811593400,1663666079,1663666079,18446744073709552014
506,18446744073709552013,991732394702174600,1663579655,1663579655,18446744073709552013
507,18446744073709552012,991426802009861700,1663493243,1663493243,18446744073709552012
508,18446744073709552011,991372339129616300,1663406831,1663406831,18446744073709552011
509,18446744073709552010,987210380000000000,1663320419,1663320419,18446744073709552010
510,18446744073709552009,982140650000000000,1663234007,1663234007,18446744073709552009
511,18446744073709552008,972615078585119300,1663147576,1663147576,18446744073709552008
512,18446744073709552007,971673419905725500,1663061151,1663061151,18446744073709552007
513,18446744073709552006,973503240590460100,1662974744,1662974744,18446744073709552006
514,18446744073709552005,972550865692575500,1662888340,1662888340,18446744073709552005
515,18446744073709552004,970038943150343400,1662801920,1662801920,18446744073709552004
516,18446744073709552003,966253745460884700,1662715509,1662715509,18446744073709552003
517,18446744073709552002,959406371370967100,1662629108,1662629108,18446744073709552002
518,18446744073709552001,959758183129375600,1662542722,1662542722,18446744073709552001
519,18446744073709552000,966009470097829100,1662456296,1662456296,18446744073709552000
520,18446744073709551999,968102393798180700,1662369931,1662369931,18446744073709551999
521,18446744073709551998,968958850000000000,1662283521,1662283521,18446744073709551998
522,18446744073709551997,967930610000000000,1662197110,1662197110,18446744073709551997
523,18446744073709551996,970789280697391100,1662110699,1662110699,18446744073709551996
524,18446744073709551995,971374880000000000,1662024292,1662024292,18446744073709551995
525,18446744073709551994,973368995000000000,1661937890,1661937890,18446744073709551994
526,18446744073709551993,972944970000000000,1661851467,1661851467,18446744073709551993
527,18446744073709551992,969832090000000000,1661765041,1661765041,18446744073709551992
528,18446744073709551991,969702840000000000,1661678627,1661678627,18446744073709551991
529,18446744073709551990,969766786847378900,1661592224,1661592224,18446744073709551990
530,18446744073709551989,973549829115806600,1661505834,1661505834,18446744073709551989
531,18446744073709551988,973957090854456800,1661419436,1661419436,18446744073709551988
532,18446744073709551987,972269739023635400,1661333033,1661333033,18446744073709551987
533,18446744073709551986,974308046567242700,1661246607,1661246607,18446744073709551986
534,18446744073709551985,972829550000000000,1661160142,1661160142,18446744073709551985
535,18446744073709551984,971407675383679900,1661073668,1661073668,18446744073709551984
536,18446744073709551983,971669050000000000,1660987256,1660987256,18446744073709551983
537,18446744073709551982,972268070000000000,1660900831,1660900831,18446744073709551982
538,18446744073709551981,972100499226279000,1660814421,1660814421,18446744073709551981
539,18446744073709551980,972764990751190900,1660728018,1660728018,18446744073709551980
540,18446744073709551979,972861230000000000,1660641604,1660641604,18446744073709551979
541,18446744073709551978,974437756357703100,1660555177,1660555177,18446744073709551978
542,18446744073709551977,974333833518259100,1660468768,1660468768,18446744073709551977
543,18446744073709551976,972287775000000000,1660382353,1660382353,18446744073709551976
544,18446744073709551975,970818360000000000,1660295946,1660295946,18446744073709551975
545,18446744073709551974,968470908942501500,1660209522,1660209522,18446744073709551974
546,18446744073709551973,963110777133555050,1660123055,1660123055,18446744073709551973
547,18446744073709551972,965755354924848800,1660036618,1660036618,18446744073709551972
548,18446744073709551971,963592170000000000,1659950212,1659950212,18446744073709551971
549,18446744073709551970,965100878561177200,1659863799,1659863799,18446744073709551970
550,18446744073709551969,966652877788765000,1659777394,1659777394,18446744073709551969
551,18446744073709551968,968698635343006700,1659690979,1659690979,18446744073709551968
552,18446744073709551967,973259760000000000,1659604567,1659604567,18446744073709551967
553,18446744073709551966,974637101334305300,1659518146,1659518146,18446744073709551966
554,18446744073709551965,975798476810439200,1659431752,1659431752,18446744073709551965
555,18446744073709551964,975154570000000000,1659345341,1659345341,18446744073709551964
556,18446744073709551963,973873380000000000,1659258871,1659258871,18446744073709551963
557,18446744073709551962,973573936503788800,1659172387,1659172387,18446744073709551962
558,18446744073709551961,974334550000000000,1659085991,1659085991,18446744073709551961
559,18446744073709551960,973384950000000000,1658999528,1658999528,18446744073709551960
560,18446744073709551959,982057695000000000,1658913121,1658913121,18446744073709551959
561,18446744073709551958,980559860498829600,1658826724,1658826724,18446744073709551958
562,18446744073709551957,980767437695106800,1658740310,1658740310,18446744073709551957
563,18446744073709551956,980368850000000000,1658653884,1658653884,18446744073709551956
564,18446744073709551955,980666430000000000,1658567508,1658567508,18446744073709551955
565,18446744073709551954,980117769119861300,1658481091,1658481091,18446744073709551954
566,18446744073709551953,979098699581897700,1658394717,1658394717,18446744073709551953
567,18446744073709551952,977487695000000000,1658308303,1658308303,18446744073709551952
568,18446744073709551951,977531900000000000,1658221894,1658221894,18446744073709551951
569,18446744073709551950,977097949140476200,1658135480,1658135480,18446744073709551950
570,18446744073709551949,970897813414692800,1658049077,1658049077,18446744073709551949
571,18446744073709551948,969503303946350900,1657962671,1657962671,18446744073709551948
572,18446744073709551947,967063350000000000,1657876279,1657876279,18446744073709551947
573,18446744073709551946,963285995754476700,1657789851,1657789851,18446744073709551946
574,18446744073709551945,962961547216359300,1657703448,1657703448,18446744073709551945
575,18446744073709551944,971392423021376200,1657617091,1657617091,18446744073709551944
576,18446744073709551943,972093372068620800,1657530702,1657530702,18446744073709551943
577,18446744073709551942,971218280000000000,1657444325,1657444325,18446744073709551942
578,18446744073709551941,971231530000000000,1657357911,1657357911,18446744073709551941
579,18446744073709551940,973307390000000000,1657271506,1657271506,18446744073709551940
580,18446744073709551939,972187064821893500,1657185090,1657185090,18446744073709551939
581,18446744073709551938,969890695434453800,1657098681,1657098681,18446744073709551938
582,18446744073709551937,968429627749334000,1657012265,1657012265,18446744073709551937
583,18446744073709551936,967143920000000000,1656925856,1656925856,18446744073709551936
584,18446744073709551935,963772496646895000,1656839450,1656839450,18446744073709551935
585,18446744073709551934,962305126931202700,1656753043,1656753043,18446744073709551934
586,18446744073709551933,962350410000000000,1656666643,1656666643,18446744073709551933
587,18446744073709551932,962099770000000000,1656580211,1656580211,18446744073709551932
588,18446744073709551931,960267896678047200,1656493824,1656493824,18446744073709551931
589,18446744073709551930,962594479043645000,1656407422,1656407422,18446744073709551930
590,18446744073709551929,966208697220024600,1656321015,1656321015,18446744073709551929
591,18446744073709551928,962004390000000000,1656234617,1656234617,18446744073709551928
592,18446744073709551927,965112936200385100,1656148235,1656148235,18446744073709551927
593,18446744073709551926,960788580000000000,1656061842,1656061842,18446744073709551926
594,18446744073709551925,947530808810573450,1655975429,1655975429,18446744073709551925
595,18446744073709551924,946806796798100200,1655889027,1655889027,18446744073709551924
596,18446744073709551923,942878818581352950,1655802602,1655802602,18446744073709551923
597,18446744073709551922,938330050000000000,1655716191,1655716191,18446744073709551922
598,18446744073709551921,939387353273438100,1655629778,1655629778,18446744073709551921
599,18446744073709551920,935019330000000000,1655543378,1655543378,18446744073709551920
600,18446744073709551919,937752146317194450,1655456950,1655456950,18446744073709551919
601,18446744073709551918,938969384427154300,1655370536,1655370536,18446744073709551918
602,18446744073709551917,944028156034378400,1655284037,1655284037,18446744073709551917
603,18446744073709551916,941991810710835000,1655197624,1655197624,18446744073709551916
604,18446744073709551915,962272040061608300,1655154105,1655154105,18446744073709551915
605,18446744073709551914,940974924073828400,1655109764,1655109764,18446744073709551914
606,18446744073709551913,960718355320491500,1655040005,1655040005,18446744073709551913
607,18446744073709551912,960281780000000000,1654953626,1654953626,18446744073709551912
608,18446744073709551911,953386160000000000,1654867222,1654867222,18446744073709551911
609,18446744073709551910,973275610000000000,1654796513,1654796513,18446744073709551910
610,18446744073709551909,974076150000000000,1654710098,1654710098,18446744073709551909
611,18446744073709551908,979303495727380950,1654623695,1654623695,18446744073709551908
612,18446744073709551907,978491598600425400,1654537285,1654537285,18446744073709551907
613,18446744073709551906,979455272050473800,1654450876,1654450876,18446744073709551906
614,18446744073709551905,978788627623431100,1654364469,1654364469,18446744073709551905
615,18446744073709551904,978849997726436700,1654278042,1654278042,18446744073709551904
616,18446744073709551903,980192030000000000,1654191636,1654191636,18446744073709551903
617,18446744073709551902,981624560000000000,1654105258,1654105258,18446744073709551902
618,18446744073709551901,980317670000000000,1654018830,1654018830,18446744073709551901
619,18446744073709551900,980643120000000000,1653932402,1653932402,18446744073709551900
620,18446744073709551899,977325540000000000,1653845997,1653845997,18446744073709551899
621,18446744073709551898,977976220354975000,1653759591,1653759591,18446744073709551898
622,18446744073709551897,975858700000000000,1653673150,1653673150,18446744073709551897
623,18446744073709551896,975858700000000000,1653672750,1653672750,18446744073709551896
624,18446744073709551895,979101398169121300,1653586292,1653586292,18446744073709551895
625,18446744073709551894,978039714801837800,1653499869,1653499869,18446744073709551894
626,18446744073709551893,978855830000000000,1653413471,1653413471,18446744073709551893
627,18446744073709551892,979942024992171800,1653327056,1653327056,18446744073709551892
628,18446744073709551891,976034570000000000,1653240627,1653240627,18446744073709551891
629,18446744073709551890,973985300000000000,1653154244,1653154244,18446744073709551890
630,18446744073709551889,984596531813657800,1653067878,1653067878,18446744073709551889
631,18446744073709551888,982597101668127600,1652981448,1652981448,18446744073709551888
632,18446744073709551887,984201283138867600,1652895059,1652895059,18446744073709551887
633,18446744073709551886,983794991102940400,1652808639,1652808639,18446744073709551886
634,18446744073709551885,982422990000000000,1652722241,1652722241,18446744073709551885
635,18446744073709551884,983896838499500800,1652635835,1652635835,18446744073709551884
636,18446744073709551883,977071820532188600,1652549394,1652549394,18446744073709551883
637,18446744073709551882,976665000054923700,1652462990,1652462990,18446744073709551882
638,18446744073709551881,956120080000000000,1652457558,1652457558,18446744073709551881
639,18446744073709551880,975697700181343000,1652375577,1652375577,18446744073709551880
640,18446744073709551879,995703610000000000,1652304221,1652304221,18446744073709551879
641,18446744073709551878,993155993950047800,1652217731,1652217731,18446744073709551878
642,18446744073709551877,992888570358929850,1652131323,1652131323,18446744073709551877
643,18446744073709551876,995459368830629650,1652044919,1652044919,18446744073709551876
644,18446744073709551875,997970851632674500,1651958508,1651958508,18446744073709551875
645,18446744073709551874,998995978974146350,1651872078,1651872078,18446744073709551874
646,18446744073709551873,999328292388031200,1651785675,1651785675,18446744073709551873
647,18446744073709551872,998950266840885550,1651699270,1651699270,18446744073709551872
648,18446744073709551871,999074475460663750,1651612873,1651612873,18446744073709551871
649,18446744073709551870,1000061330000000000,1651526454,1651526454,18446744073709551870
650,18446744073709551869,999160534007848400,1651440048,1651440048,18446744073709551869
651,18446744073709551868,999152465000000000,1651353638,1651353638,18446744073709551868
652,18446744073709551867,999316899845683200,1651267208,1651267208,18446744073709551867
653,18446744073709551866,999922423707526800,1651180793,1651180793,18446744073709551866
654,18446744073709551865,999882446210705900,1651094386,1651094386,18446744073709551865
655,18446744073709551864,998873240000000000,1651007975,1651007975,18446744073709551864
656,18446744073709551863,999126200000000000,1650921549,1650921549,18446744073709551863
657,18446744073709551862,999160190000000000,1650835135,1650835135,18446744073709551862
658,18446744073709551861,999468560000000000,1650748737,1650748737,18446744073709551861
659,18446744073709551860,999899429046494400,1650662382,1650662382,18446744073709551860
660,18446744073709551859,999167560000000000,1650575931,1650575931,18446744073709551859
661,18446744073709551858,998840118044428400,1650489521,1650489521,18446744073709551858
662,18446744073709551857,999340860000000000,1650403072,1650403072,18446744073709551857
663,18446744073709551856,999215805566043000,1650316646,1650316646,18446744073709551856
664,18446744073709551855,999050563601140800,1650230235,1650230235,18446744073709551855
665,18446744073709551854,999011490000000000,1650143832,1650143832,18446744073709551854
666,18446744073709551853,999943380000000000,1650057311,1650057311,18446744073709551853
667,18446744073709551852,999070650000000000,1649970830,1649970830,18446744073709551852
668,18446744073709551851,1000046090885268200,1649884401,1649884401,18446744073709551851
669,18446744073709551850,999189224686895900,1649797981,1649797981,18446744073709551850
670,18446744073709551849,998976591796023500,1649711592,1649711592,18446744073709551849
671,18446744073709551848,999831480754373800,1649625206,1649625206,18446744073709551848
672,18446744073709551847,999284513803620800,1649538802,1649538802,18446744073709551847
673,18446744073709551846,999428113461303100,1649452344,1649452344,18446744073709551846
674,18446744073709551845,998891600000000000,1649365936,1649365936,18446744073709551845
675,18446744073709551844,999256934197946400,1649279462,1649279462,18446744073709551844
676,18446744073709551843,999920004384694200,1649193037,1649193037,18446744073709551843
677,18446744073709551842,999475205670542600,1649106624,1649106624,18446744073709551842
678,18446744073709551841,999547328805880900,1649020202,1649020202,18446744073709551841
679,18446744073709551840,999801615345684650,1648933782,1648933782,18446744073709551840
680,18446744073709551839,1000032012656814700,1648847364,1648847364,18446744073709551839
681,18446744073709551838,999907710000000000,1648760937,1648760937,18446744073709551838
682,18446744073709551837,999948230000000000,1648674508,1648674508,18446744073709551837
683,18446744073709551836,999580021837685700,1648588018,1648588018,18446744073709551836
684,18446744073709551835,999195096057803800,1648501596,1648501596,18446744073709551835
685,18446744073709551834,999937888887892950,1648415184,1648415184,18446744073709551834
686,18446744073709551833,999090680000000000,1648328770,1648328770,18446744073709551833
687,18446744073709551832,998961336543806700,1648242314,1648242314,18446744073709551832
688,18446744073709551831,999049100000000000,1648155833,1648155833,18446744073709551831
689,18446744073709551830,999088910000000000,1648069300,1648069300,18446744073709551830
690,18446744073709551829,999285905348302700,1647982876,1647982876,18446744073709551829
691,18446744073709551828,999917330000000000,1647896475,1647896475,18446744073709551828
692,18446744073709551827,999368243001920500,1647810026,1647810026,18446744073709551827
693,18446744073709551826,999406253170373200,1647723624,1647723624,18446744073709551826
694,18446744073709551825,999406253170373200,1647723413,1647723413,18446744073709551825
695,18446744073709551824,999483790000000000,1647637005,1647637005,18446744073709551824
696,18446744073709551823,999123060000000000,1647550592,1647550592,18446744073709551823
697,18446744073709551822,999276520000000000,1647464175,1647464175,18446744073709551822
698,18446744073709551821,999039720000000000,1647377752,1647377752,18446744073709551821
699,18446744073709551820,1000043669670701800,1647291349,1647291349,18446744073709551820
700,18446744073709551819,998404798811665900,1647204936,1647204936,18446744073709551819
701,18446744073709551818,999281086825074100,1647118488,1647118488,18446744073709551818
702,18446744073709551817,999255349950305000,1647032066,1647032066,18446744073709551817
703,18446744073709551816,999425600000000000,1646945674,1646945674,18446744073709551816
704,18446744073709551815,999704132028532000,1646859259,1646859259,18446744073709551815
705,18446744073709551814,999809162384529300,1646772861,1646772861,18446744073709551814
706,18446744073709551813,998165230000000000,1646686447,1646686447,18446744073709551813
707,18446744073709551812,999644900000000000,1646600028,1646600028,18446744073709551812
708,18446744073709551811,999542172862282200,1646513420,1646513420,18446744073709551811
709,18446744073709551810,999062355802431300,1646427009,1646427009,18446744073709551810
710,18446744073709551809,999190900000000000,1646340605,1646340605,18446744073709551809
711,18446744073709551808,999464192673538600,1646254127,1646254127,18446744073709551808
712,18446744073709551807,998109342155560000,1646167718,1646167718,18446744073709551807
713,18446744073709551806,998106740000000000,1646081178,1646081178,18446744073709551806
714,18446744073709551805,999001081935270850,1645994760,1645994760,18446744073709551805
715,18446744073709551804,999165550000000000,1645908341,1645908341,18446744073709551804
716,18446744073709551803,998585801432770000,1645821840,1645821840,18446744073709551803
717,18446744073709551802,999380750113820000,1645735449,1645735449,18446744073709551802
718,18446744073709551801,999224530000000000,1645649029,1645649029,18446744073709551801
719,18446744073709551800,999588352422527200,1645562555,1645562555,18446744073709551800
720,18446744073709551799,998938858735620000,1645476144,1645476144,18446744073709551799
721,18446744073709551798,998948800000000000,1645389751,1645389751,18446744073709551798
722,18446744073709551797,998866550000000000,1645303322,1645303322,18446744073709551797
723,18446744073709551796,999125900000000000,1645216877,1645216877,18446744073709551796
724,18446744073709551795,999158676678730000,1645130486,1645130486,18446744073709551795
725,18446744073709551794,999300483279640000,1645043972,1645043972,18446744073709551794
726,18446744073709551793,998618517847620000,1644957496,1644957496,18446744073709551793
727,18446744073709551792,999068870000000000,1644871099,1644871099,18446744073709551792
728,18446744073709551791,999303190817600000,1644784650,1644784650,18446744073709551791
729,18446744073709551790,998699952767610000,1644698187,1644698187,18446744073709551790
730,18446744073709551789,998186675577660000,1644611681,1644611681,18446744073709551789
731,18446744073709551788,999535040000000000,1644525265,1644525265,18446744073709551788
732,18446744073709551787,999019545655591000,1644438836,1644438836,18446744073709551787
733,18446744073709551786,998389230000000000,1644352414,1644352414,18446744073709551786
734,18446744073709551785,999660599466130000,1644265868,1644265868,18446744073709551785
735,18446744073709551784,998697241106120000,1644179403,1644179403,18446744073709551784
736,18446744073709551783,998792367348090000,1644093006,1644093006,18446744073709551783
737,18446744073709551782,998671101408016300,1644006560,1644006560,18446744073709551782
738,18446744073709551781,998671101408016300,1644006395,1644006395,18446744073709551781
739,18446744073709551780,998856510000000000,1643919989,1643919989,18446744073709551780
740,18446744073709551779,998853980000000000,1643833593,1643833593,18446744073709551779
741,18446744073709551778,999457570000000000,1643747192,1643747192,18446744073709551778
742,18446744073709551777,998289680000000000,1643660764,1643660764,18446744073709551777
743,18446744073709551776,996937148577435000,1643574335,1643574335,18446744073709551776
744,18446744073709551775,996316981209140000,1643487908,1643487908,18446744073709551775
