,0,1,2,3,4
0,18446744073709572902,5339166,1706555999,1706555999,18446744073709572902
1,18446744073709572901,5359000,1706552375,1706552375,18446744073709572901
2,18446744073709572900,5348315,1706548739,1706548739,18446744073709572900
3,18446744073709572899,5320352,1706545139,1706545139,18446744073709572899
4,18446744073709572898,5347438,1706541659,1706541659,18446744073709572898
5,18446744073709572897,5348289,1706538023,1706538023,18446744073709572897
6,18446744073709572896,5352045,1706534399,1706534399,18446744073709572896
7,18446744073709572895,5356983,1706530763,1706530763,18446744073709572895
8,18446744073709572894,5376582,1706527127,1706527127,18446744073709572894
9,18446744073709572893,5379767,1706523503,1706523503,18446744073709572893
10,18446744073709572892,5368146,1706519891,1706519891,18446744073709572892
11,18446744073709572891,5374322,1706516267,1706516267,18446744073709572891
12,18446744073709572890,5376174,1706512631,1706512631,18446744073709572890
13,18446744073709572889,5372525,1706509007,1706509007,18446744073709572889
14,18446744073709572888,5368569,1706505395,1706505395,18446744073709572888
15,18446744073709572887,5370000,1706501771,1706501771,18446744073709572887
16,18446744073709572886,5368104,1706498135,1706498135,18446744073709572886
17,18446744073709572885,5365901,1706494511,1706494511,18446744073709572885
18,18446744073709572884,5383051,1706490899,1706490899,18446744073709572884
19,18446744073709572883,5374200,1706487275,1706487275,18446744073709572883
20,18446744073709572882,5375857,1706483639,1706483639,18446744073709572882
21,18446744073709572881,5389209,1706480015,1706480015,18446744073709572881
22,18446744073709572880,5397438,1706476379,1706476379,18446744073709572880
23,18446744073709572879,5393000,1706472743,1706472743,18446744073709572879
24,18446744073709572878,5391999,1706469119,1706469119,18446744073709572878
25,18446744073709572877,5386309,1706465483,1706465483,18446744073709572877
26,18446744073709572876,5374460,1706461847,1706461847,18446744073709572876
27,18446744073709572875,5369185,1706458223,1706458223,18446744073709572875
28,18446744073709572874,5367942,1706454587,1706454587,18446744073709572874
29,18446744073709572873,5378522,1706450963,1706450963,18446744073709572873
30,18446744073709572872,5370011,1706447327,1706447327,18446744073709572872
31,18446744073709572871,5371421,1706443691,1706443691,18446744073709572871
32,18446744073709572870,5382213,1706440067,1706440067,18446744073709572870
33,18446744073709572869,5385830,1706436431,1706436431,18446744073709572869
34,18446744073709572868,5383774,1706432795,1706432795,18446744073709572868
35,18446744073709572867,5383499,1706429171,1706429171,18446744073709572867
36,18446744073709572866,5396238,1706425559,1706425559,18446744073709572866
37,18446744073709572865,5390001,1706421935,1706421935,18446744073709572865
38,18446744073709572864,5391190,1706418299,1706418299,18446744073709572864
39,18446744073709572863,5414450,1706414675,1706414675,18446744073709572863
40,18446744073709572862,5416858,1706411039,1706411039,18446744073709572862
41,18446744073709572861,5415393,1706407403,1706407403,18446744073709572861
42,18446744073709572860,5400116,1706403779,1706403779,18446744073709572860
43,18446744073709572859,5376924,1706400167,1706400167,18446744073709572859
44,18446744073709572858,5375999,1706396567,1706396567,18446744073709572858
45,18446744073709572857,5392675,1706392907,1706392907,18446744073709572857
46,18446744073709572856,5401186,1706389283,1706389283,18446744073709572856
47,18446744073709572855,5421949,1706385671,1706385671,18446744073709572855
48,18446744073709572854,5424620,1706382047,1706382047,18446744073709572854
49,18446744073709572853,5421963,1706378411,1706378411,18446744073709572853
50,18446744073709572852,5415544,1706374787,1706374787,18446744073709572852
51,18446744073709572851,5428279,1706371175,1706371175,18446744073709572851
52,18446744073709572850,5433711,1706367551,1706367551,18446744073709572850
53,18446744073709572849,5434168,1706363915,1706363915,18446744073709572849
54,18446744073709572848,5421147,1706360291,1706360291,18446744073709572848
55,18446744073709572847,5426400,1706356655,1706356655,18446744073709572847
56,18446744073709572846,5420518,1706353019,1706353019,18446744073709572846
57,18446744073709572845,5437011,1706349395,1706349395,18446744073709572845
58,18446744073709572844,5430324,1706345783,1706345783,18446744073709572844
59,18446744073709572843,5415666,1706342159,1706342159,18446744073709572843
60,18446744073709572842,5430147,1706338523,1706338523,18446744073709572842
61,18446744073709572841,5417719,1706334899,1706334899,18446744073709572841
62,18446744073709572840,5436090,1706331287,1706331287,18446744073709572840
63,18446744073709572839,5439308,1706327663,1706327663,18446744073709572839
64,18446744073709572838,5433757,1706324027,1706324027,18446744073709572838
65,18446744073709572837,5428419,1706320403,1706320403,18446744073709572837
66,18446744073709572836,5456024,1706316911,1706316911,18446744073709572836
67,18446744073709572835,5428443,1706314487,1706314487,18446744073709572835
68,18446744073709572834,5406963,1706310851,1706310851,18446744073709572834
69,18446744073709572833,5400302,1706307227,1706307227,18446744073709572833
70,18446744073709572832,5372313,1706305451,1706305451,18446744073709572832
71,18446744073709572831,5375200,1706301815,1706301815,18446744073709572831
72,18446744073709572830,5368752,1706298191,1706298191,18446744073709572830
73,18446744073709572829,5378243,1706294579,1706294579,18446744073709572829
74,18446744073709572828,5406616,1706293595,1706293595,18446744073709572828
75,18446744073709572827,5426882,1706289959,1706289959,18446744073709572827
76,18446744073709572826,5442517,1706286335,1706286335,18446744073709572826
77,18446744073709572825,5459683,1706282699,1706282699,18446744073709572825
78,18446744073709572824,5432321,1706281235,1706281235,18446744073709572824
79,18446744073709572823,5461165,1706278751,1706278751,18446744073709572823
80,18446744073709572822,5465374,1706275103,1706275103,18446744073709572822
81,18446744073709572821,5443000,1706271479,1706271479,18446744073709572821
82,18446744073709572820,5472113,1706269343,1706269343,18446744073709572820
83,18446744073709572819,5490642,1706265719,1706265719,18446744073709572819
84,18446744073709572818,5510744,1706262083,1706262083,18446744073709572818
85,18446744073709572817,5507555,1706258447,1706258447,18446744073709572817
86,18446744073709572816,5518279,1706254823,1706254823,18446744073709572816
87,18446744073709572815,5534644,1706251187,1706251187,18446744073709572815
88,18446744073709572814,5542100,1706247551,1706247551,18446744073709572814
89,18446744073709572813,5542387,1706243927,1706243927,18446744073709572813
90,18446744073709572812,5541875,1706240291,1706240291,18446744073709572812
91,18446744073709572811,5558392,1706236655,1706236655,18446744073709572811
92,18446744073709572810,5556081,1706233031,1706233031,18446744073709572810
93,18446744073709572809,5547318,1706229395,1706229395,18446744073709572809
94,18446744073709572808,5556485,1706225771,1706225771,18446744073709572808
95,18446744073709572807,5544066,1706222159,1706222159,18446744073709572807
96,18446744073709572806,5571976,1706218895,1706218895,18446744073709572806
97,18446744073709572805,5574356,1706215259,1706215259,18446744073709572805
98,18446744073709572804,5546283,1706212979,1706212979,18446744073709572804
99,18446744073709572803,5554202,1706209367,1706209367,18446744073709572803
100,18446744073709572802,5537187,1706205743,1706205743,18446744073709572802
101,18446744073709572801,5508753,1706203067,1706203067,18446744073709572801
102,18446744073709572800,5500673,1706199443,1706199443,18446744073709572800
103,18446744073709572799,5521860,1706195819,1706195819,18446744073709572799
104,18446744073709572798,5523098,1706192183,1706192183,18446744073709572798
105,18446744073709572797,5537282,1706188559,1706188559,18446744073709572797
106,18446744073709572796,5547421,1706184947,1706184947,18446744073709572796
107,18446744073709572795,5570492,1706181323,1706181323,18446744073709572795
108,18446744073709572794,5554773,1706177687,1706177687,18446744073709572794
109,18446744073709572793,5554320,1706174063,1706174063,18446744073709572793
110,18446744073709572792,5553589,1706170451,1706170451,18446744073709572792
111,18446744073709572791,5553477,1706166827,1706166827,18446744073709572791
112,18446744073709572790,5544308,1706163191,1706163191,18446744073709572790
113,18446744073709572789,5537095,1706159567,1706159567,18446744073709572789
114,18446744073709572788,5542183,1706155931,1706155931,18446744073709572788
115,18446744073709572787,5537546,1706152295,1706152295,18446744073709572787
116,18446744073709572786,5537240,1706148683,1706148683,18446744073709572786
117,18446744073709572785,5556521,1706145059,1706145059,18446744073709572785
118,18446744073709572784,5571050,1706141435,1706141435,18446744073709572784
119,18446744073709572783,5569849,1706137799,1706137799,18446744073709572783
120,18446744073709572782,5566795,1706134175,1706134175,18446744073709572782
121,18446744073709572781,5560517,1706130563,1706130563,18446744073709572781
122,18446744073709572780,5562446,1706126963,1706126963,18446744073709572780
123,18446744073709572779,5569747,1706123339,1706123339,18446744073709572779
124,18446744073709572778,5561350,1706119703,1706119703,18446744073709572778
125,18446744073709572777,5582360,1706116079,1706116079,18446744073709572777
126,18446744073709572776,5575113,1706112443,1706112443,18446744073709572776
127,18446744073709572775,5581917,1706108807,1706108807,18446744073709572775
128,18446744073709572774,5571869,1706105183,1706105183,18446744073709572774
129,18446744073709572773,5583758,1706101571,1706101571,18446744073709572773
130,18446744073709572772,5581114,1706097947,1706097947,18446744073709572772
131,18446744073709572771,5587962,1706094311,1706094311,18446744073709572771
132,18446744073709572770,5590503,1706090687,1706090687,18446744073709572770
133,18446744073709572769,5597159,1706087051,1706087051,18446744073709572769
134,18446744073709572768,5590000,1706083415,1706083415,18446744073709572768
135,18446744073709572767,5592464,1706079791,1706079791,18446744073709572767
136,18446744073709572766,5598020,1706076179,1706076179,18446744073709572766
137,18446744073709572765,5587550,1706072555,1706072555,18446744073709572765
138,18446744073709572764,5587999,1706068919,1706068919,18446744073709572764
139,18446744073709572763,5592528,1706065295,1706065295,18446744073709572763
140,18446744073709572762,5590570,1706061683,1706061683,18446744073709572762
141,18446744073709572761,5586935,1706058059,1706058059,18446744073709572761
142,18446744073709572760,5616210,1706055143,1706055143,18446744073709572760
143,18446744073709572759,5637845,1706051531,1706051531,18446744073709572759
144,18446744073709572758,5633281,1706047907,1706047907,18446744073709572758
145,18446744073709572757,5604845,1706045027,1706045027,18446744073709572757
146,18446744073709572756,5593643,1706041403,1706041403,18446744073709572756
147,18446744073709572755,5582115,1706037767,1706037767,18446744073709572755
148,18446744073709572754,5610990,1706035127,1706035127,18446744073709572754
149,18446744073709572753,5628994,1706031491,1706031491,18446744073709572753
150,18446744073709572752,5628000,1706027867,1706027867,18446744073709572752
151,18446744073709572751,5657270,1706025767,1706025767,18446744073709572751
152,18446744073709572750,5671932,1706022155,1706022155,18446744073709572750
153,18446744073709572749,5642496,1706018675,1706018675,18446744073709572749
154,18446744073709572748,5670860,1706016791,1706016791,18446744073709572748
155,18446744073709572747,5678121,1706013155,1706013155,18446744073709572747
156,18446744073709572746,5708153,1706011751,1706011751,18446744073709572746
157,18446744073709572745,5729000,1706008115,1706008115,18446744073709572745
158,18446744073709572744,5716436,1706004479,1706004479,18446744073709572744
159,18446744073709572743,5687686,1706003975,1706003975,18446744073709572743
160,18446744073709572742,5717000,1706002607,1706002607,18446744073709572742
161,18446744073709572741,5751514,1706002235,1706002235,18446744073709572741
162,18446744073709572740,5785000,1706001815,1706001815,18446744073709572740
163,18446744073709572739,5815215,1706000195,1706000195,18446744073709572739
164,18446744073709572738,5838382,1705996583,1705996583,18446744073709572738
165,18446744073709572737,5863494,1705992959,1705992959,18446744073709572737
166,18446744073709572736,5856689,1705989323,1705989323,18446744073709572736
167,18446744073709572735,5851476,1705985699,1705985699,18446744073709572735
168,18446744073709572734,5847475,1705982063,1705982063,18446744073709572734
169,18446744073709572733,5838620,1705978427,1705978427,18446744073709572733
170,18446744073709572732,5858102,1705974803,1705974803,18446744073709572732
171,18446744073709572731,5836122,1705971191,1705971191,18446744073709572731
172,18446744073709572730,5847217,1705967591,1705967591,18446744073709572730
173,18446744073709572729,5820380,1705963967,1705963967,18446744073709572729
174,18446744073709572728,5829387,1705960331,1705960331,18446744073709572728
175,18446744073709572727,5820877,1705956707,1705956707,18446744073709572727
176,18446744073709572726,5847439,1705953083,1705953083,18446744073709572726
177,18446744073709572725,5868680,1705949435,1705949435,18446744073709572725
178,18446744073709572724,5836000,1705947035,1705947035,18446744073709572724
179,18446744073709572723,5825999,1705943411,1705943411,18446744073709572723
180,18446744073709572722,5839179,1705939775,1705939775,18446744073709572722
181,18446744073709572721,5833964,1705936139,1705936139,18446744073709572721
182,18446744073709572720,5837233,1705932515,1705932515,18446744073709572720
183,18446744073709572719,5816125,1705928879,1705928879,18446744073709572719
184,18446744073709572718,5830893,1705925255,1705925255,18446744073709572718
185,18446744073709572717,5846452,1705921619,1705921619,18446744073709572717
186,18446744073709572716,5854353,1705917983,1705917983,18446744073709572716
187,18446744073709572715,5884802,1705915739,1705915739,18446744073709572715
188,18446744073709572714,5892597,1705912103,1705912103,18446744073709572714
189,18446744073709572713,5905826,1705908467,1705908467,18446744073709572713
190,18446744073709572712,5905742,1705904843,1705904843,18446744073709572712
191,18446744073709572711,5908980,1705901207,1705901207,18446744073709572711
192,18446744073709572710,5905486,1705897571,1705897571,18446744073709572710
193,18446744073709572709,5898830,1705893947,1705893947,18446744073709572709
194,18446744073709572708,5900208,1705890335,1705890335,18446744073709572708
195,18446744073709572707,5900827,1705886735,1705886735,18446744073709572707
196,18446744073709572706,5912328,1705883135,1705883135,18446744073709572706
197,18446744073709572705,5905999,1705879511,1705879511,18446744073709572705
198,18446744073709572704,5909000,1705875899,1705875899,18446744073709572704
199,18446744073709572703,5922053,1705872287,1705872287,18446744073709572703
200,18446744073709572702,5926990,1705868639,1705868639,18446744073709572702
201,18446744073709572701,5936210,1705865015,1705865015,18446744073709572701
202,18446744073709572700,5938974,1705861379,1705861379,18446744073709572700
203,18446744073709572699,5939567,1705857743,1705857743,18446744073709572699
204,18446744073709572698,5929295,1705854119,1705854119,18446744073709572698
205,18446744073709572697,5925579,1705850507,1705850507,18446744073709572697
206,18446744073709572696,5926468,1705846883,1705846883,18446744073709572696
207,18446744073709572695,5925078,1705843247,1705843247,18446744073709572695
208,18446744073709572694,5920857,1705839623,1705839623,18446744073709572694
209,18446744073709572693,5933137,1705836011,1705836011,18446744073709572693
210,18446744073709572692,5936628,1705832387,1705832387,18446744073709572692
211,18446744073709572691,5935205,1705828751,1705828751,18446744073709572691
212,18446744073709572690,5941786,1705825127,1705825127,18446744073709572690
213,18446744073709572689,5932430,1705821515,1705821515,18446744073709572689
214,18446744073709572688,5939769,1705817891,1705817891,18446744073709572688
215,18446744073709572687,5937106,1705814255,1705814255,18446744073709572687
216,18446744073709572686,5936761,1705810631,1705810631,18446744073709572686
217,18446744073709572685,5941939,1705806995,1705806995,18446744073709572685
218,18446744073709572684,5930216,1705803359,1705803359,18446744073709572684
219,18446744073709572683,5922500,1705799747,1705799747,18446744073709572683
220,18446744073709572682,5921607,1705796123,1705796123,18446744073709572682
221,18446744073709572681,5923539,1705792499,1705792499,18446744073709572681
222,18446744073709572680,5912740,1705788863,1705788863,18446744073709572680
223,18446744073709572679,5905909,1705785239,1705785239,18446744073709572679
224,18446744073709572678,5913749,1705781627,1705781627,18446744073709572678
225,18446744073709572677,5907000,1705778003,1705778003,18446744073709572677
226,18446744073709572676,5913941,1705774367,1705774367,18446744073709572676
227,18446744073709572675,5912164,1705770743,1705770743,18446744073709572675
228,18446744073709572674,5925000,1705767107,1705767107,18446744073709572674
229,18446744073709572673,5935254,1705763471,1705763471,18446744073709572673
230,18446744073709572672,5932325,1705759847,1705759847,18446744073709572672
231,18446744073709572671,5933000,1705756211,1705756211,18446744073709572671
232,18446744073709572670,5932963,1705756127,1705756127,18446744073709572670
233,18446744073709572669,5940391,1705752455,1705752455,18446744073709572669
234,18446744073709572668,5946662,1705748831,1705748831,18446744073709572668
235,18446744073709572667,5939550,1705745219,1705745219,18446744073709572667
236,18446744073709572666,5953173,1705741571,1705741571,18446744073709572666
237,18446744073709572665,5950516,1705737935,1705737935,18446744073709572665
238,18446744073709572664,5957229,1705734299,1705734299,18446744073709572664
239,18446744073709572663,5952855,1705730687,1705730687,18446744073709572663
240,18446744073709572662,5965854,1705727039,1705727039,18446744073709572662
241,18446744073709572661,5959771,1705723403,1705723403,18446744073709572661
242,18446744073709572660,5975720,1705719779,1705719779,18446744073709572660
243,18446744073709572659,5974471,1705716143,1705716143,18446744073709572659
244,18446744073709572658,5967717,1705712507,1705712507,18446744073709572658
245,18446744073709572657,5979000,1705708883,1705708883,18446744073709572657
246,18446744073709572656,5975524,1705705259,1705705259,18446744073709572656
247,18446744073709572655,5977225,1705701623,1705701623,18446744073709572655
248,18446744073709572654,5972907,1705697987,1705697987,18446744073709572654
249,18446744073709572653,5934398,1705695491,1705695491,18446744073709572653
250,18446744073709572652,5965584,1705694207,1705694207,18446744073709572652
251,18446744073709572651,5965000,1705690571,1705690571,18446744073709572651
252,18446744073709572650,5997030,1705687991,1705687991,18446744073709572650
253,18446744073709572649,5992367,1705684355,1705684355,18446744073709572649
254,18446744073709572648,6007137,1705680731,1705680731,18446744073709572648
255,18446744073709572647,6041375,1705678931,1705678931,18446744073709572647
256,18446744073709572646,6048824,1705675295,1705675295,18446744073709572646
257,18446744073709572645,6022884,1705671659,1705671659,18446744073709572645
258,18446744073709572644,6011455,1705668035,1705668035,18446744073709572644
259,18446744073709572643,6004838,1705664399,1705664399,18446744073709572643
260,18446744073709572642,6009135,1705660763,1705660763,18446744073709572642
261,18446744073709572641,6000223,1705657139,1705657139,18446744073709572641
262,18446744073709572640,5979262,1705653503,1705653503,18446744073709572640
263,18446744073709572639,5962311,1705649879,1705649879,18446744073709572639
264,18446744073709572638,5969463,1705646183,1705646183,18446744073709572638
265,18446744073709572637,5984617,1705642547,1705642547,18446744073709572637
266,18446744073709572636,5983876,1705638911,1705638911,18446744073709572636
267,18446744073709572635,5995039,1705635287,1705635287,18446744073709572635
268,18446744073709572634,5965162,1705633391,1705633391,18446744073709572634
269,18446744073709572633,5968624,1705629755,1705629755,18446744073709572633
270,18446744073709572632,5973000,1705626131,1705626131,18446744073709572632
271,18446744073709572631,5978395,1705622495,1705622495,18446744073709572631
272,18446744073709572630,5972215,1705618859,1705618859,18446744073709572630
273,18446744073709572629,5977000,1705615235,1705615235,18446744073709572629
274,18446744073709572628,5983831,1705611599,1705611599,18446744073709572628
275,18446744073709572627,5950299,1705609103,1705609103,18446744073709572627
276,18446744073709572626,5960010,1705605479,1705605479,18446744073709572626
277,18446744073709572625,5936364,1705601843,1705601843,18446744073709572625
278,18446744073709572624,5922999,1705598207,1705598207,18446744073709572624
279,18446744073709572623,5926090,1705594583,1705594583,18446744073709572623
280,18446744073709572622,5923958,1705590947,1705590947,18446744073709572622
281,18446744073709572621,5926133,1705587311,1705587311,18446744073709572621
282,18446744073709572620,5914430,1705583687,1705583687,18446744073709572620
283,18446744073709572619,5932859,1705580051,1705580051,18446744073709572619
284,18446744073709572618,5933201,1705576415,1705576415,18446744073709572618
285,18446744073709572617,5941373,1705572791,1705572791,18446744073709572617
286,18446744073709572616,5951088,1705569155,1705569155,18446744073709572616
287,18446744073709572615,5921104,1705566179,1705566179,18446744073709572615
288,18446744073709572614,5911455,1705562555,1705562555,18446744073709572614
289,18446744073709572613,5911936,1705558931,1705558931,18446744073709572613
290,18446744073709572612,5918834,1705555283,1705555283,18446744073709572612
291,18446744073709572611,5942922,1705551659,1705551659,18446744073709572611
292,18446744073709572610,5928080,1705548047,1705548047,18446744073709572610
293,18446744073709572609,5925002,1705544423,1705544423,18446744073709572609
294,18446744073709572608,5923705,1705540811,1705540811,18446744073709572608
295,18446744073709572607,5923420,1705537187,1705537187,18446744073709572607
296,18446744073709572606,5913219,1705533551,1705533551,18446744073709572606
297,18446744073709572605,5920118,1705529927,1705529927,18446744073709572605
298,18446744073709572604,5945278,1705526291,1705526291,18446744073709572604
299,18446744073709572603,5940741,1705522655,1705522655,18446744073709572603
300,18446744073709572602,5946218,1705519031,1705519031,18446744073709572602
301,18446744073709572601,5956284,1705515419,1705515419,18446744073709572601
302,18446744073709572600,5970733,1705511795,1705511795,18446744073709572600
303,18446744073709572599,5977517,1705508183,1705508183,18446744073709572599
304,18446744073709572598,5989448,1705504559,1705504559,18446744073709572598
305,18446744073709572597,5993000,1705500923,1705500923,18446744073709572597
306,18446744073709572596,5970000,1705497299,1705497299,18446744073709572596
307,18446744073709572595,5958762,1705493687,1705493687,18446744073709572595
308,18446744073709572594,5952971,1705490063,1705490063,18446744073709572594
309,18446744073709572593,5959308,1705486427,1705486427,18446744073709572593
310,18446744073709572592,5953164,1705482791,1705482791,18446744073709572592
311,18446744073709572591,5957242,1705479167,1705479167,18446744073709572591
312,18446744073709572590,5987796,1705478147,1705478147,18446744073709572590
313,18446744073709572589,5984852,1705474511,1705474511,18446744073709572589
314,18446744073709572588,5994398,1705470875,1705470875,18446744073709572588
315,18446744073709572587,5990899,1705467251,1705467251,18446744073709572587
316,18446744073709572586,5998187,1705463639,1705463639,18446744073709572586
317,18446744073709572585,5995714,1705460015,1705460015,18446744073709572585
318,18446744073709572584,6004764,1705456403,1705456403,18446744073709572584
319,18446744073709572583,6003957,1705452803,1705452803,18446744073709572583
320,18446744073709572582,6001667,1705449179,1705449179,18446744073709572582
321,18446744073709572581,6009023,1705445543,1705445543,18446744073709572581
322,18446744073709572580,5999094,1705441919,1705441919,18446744073709572580
323,18446744073709572579,5994128,1705438295,1705438295,18446744073709572579
324,18446744073709572578,5963420,1705434983,1705434983,18446744073709572578
325,18446744073709572577,5953000,1705431371,1705431371,18446744073709572577
326,18446744073709572576,5960913,1705427747,1705427747,18446744073709572576
327,18446744073709572575,5955576,1705424123,1705424123,18446744073709572575
328,18446744073709572574,5924355,1705423007,1705423007,18446744073709572574
329,18446744073709572573,5935336,1705419371,1705419371,18446744073709572573
330,18446744073709572572,5965262,1705419035,1705419035,18446744073709572572
331,18446744073709572571,5933000,1705416215,1705416215,18446744073709572571
332,18446744073709572570,5908580,1705412591,1705412591,18446744073709572570
333,18446744073709572569,5903000,1705408979,1705408979,18446744073709572569
334,18446744073709572568,5907297,1705405355,1705405355,18446744073709572568
335,18446744073709572567,5907884,1705401719,1705401719,18446744073709572567
336,18446744073709572566,5911445,1705398083,1705398083,18446744073709572566
337,18446744073709572565,5901119,1705394459,1705394459,18446744073709572565
338,18446744073709572564,5914309,1705390823,1705390823,18446744073709572564
339,18446744073709572563,5928430,1705387187,1705387187,18446744073709572563
340,18446744073709572562,5912758,1705383563,1705383563,18446744073709572562
341,18446744073709572561,5910999,1705379927,1705379927,18446744073709572561
342,18446744073709572560,5899870,1705376291,1705376291,18446744073709572560
343,18446744073709572559,5910438,1705372667,1705372667,18446744073709572559
344,18446744073709572558,5895055,1705369031,1705369031,18446744073709572558
345,18446744073709572557,5884111,1705365395,1705365395,18446744073709572557
346,18446744073709572556,5911960,1705361771,1705361771,18446744073709572556
347,18446744073709572555,5900548,1705358135,1705358135,18446744073709572555
348,18446744073709572554,5897129,1705354499,1705354499,18446744073709572554
349,18446744073709572553,5893575,1705350875,1705350875,18446744073709572553
350,18446744073709572552,5910760,1705347263,1705347263,18446744073709572552
351,18446744073709572551,5900000,1705343639,1705343639,18446744073709572551
352,18446744073709572550,5931350,1705340939,1705340939,18446744073709572550
353,18446744073709572549,5942695,1705337327,1705337327,18446744073709572549
354,18446744073709572548,5938999,1705333703,1705333703,18446744073709572548
355,18446744073709572547,5949391,1705330067,1705330067,18446744073709572547
356,18446744073709572546,5919237,1705327007,1705327007,18446744073709572546
357,18446744073709572545,5949000,1705326011,1705326011,18446744073709572545
358,18446744073709572544,5963359,1705322387,1705322387,18446744073709572544
359,18446744073709572543,5963162,1705318775,1705318775,18446744073709572543
360,18446744073709572542,5937737,1705315151,1705315151,18446744073709572542
361,18446744073709572541,5920572,1705311515,1705311515,18446744073709572541
362,18446744073709572540,5891074,1705309991,1705309991,18446744073709572540
363,18446744073709572539,5878421,1705306355,1705306355,18446744073709572539
364,18446744073709572538,5884000,1705302719,1705302719,18446744073709572538
365,18446744073709572537,5892937,1705299095,1705299095,18446744073709572537
366,18446744073709572536,5883412,1705295459,1705295459,18446744073709572536
367,18446744073709572535,5879343,1705291823,1705291823,18446744073709572535
368,18446744073709572534,5909042,1705288379,1705288379,18446744073709572534
369,18446744073709572533,5916057,1705284743,1705284743,18446744073709572533
370,18446744073709572532,5909709,1705281107,1705281107,18446744073709572532
371,18446744073709572531,5915315,1705277483,1705277483,18446744073709572531
372,18446744073709572530,5908062,1705273847,1705273847,18446744073709572530
373,18446744073709572529,5939919,1705270871,1705270871,18446744073709572529
374,18446744073709572528,5925237,1705267247,1705267247,18446744073709572528
375,18446744073709572527,5893102,1705265051,1705265051,18446744073709572527
376,18446744073709572526,5885278,1705261415,1705261415,18446744073709572526
377,18446744073709572525,5893836,1705257791,1705257791,18446744073709572525
378,18446744073709572524,5896061,1705254179,1705254179,18446744073709572524
379,18446744073709572523,5887414,1705250555,1705250555,18446744073709572523
380,18446744073709572522,5918810,1705249079,1705249079,18446744073709572522
381,18446744073709572521,5926301,1705245455,1705245455,18446744073709572521
382,18446744073709572520,5907999,1705241819,1705241819,18446744073709572520
383,18446744073709572519,5925004,1705238183,1705238183,18446744073709572519
384,18446744073709572518,5935000,1705234559,1705234559,18446744073709572518
385,18446744073709572517,5926519,1705230923,1705230923,18446744073709572517
386,18446744073709572516,5928463,1705230443,1705230443,18446744073709572516
387,18446744073709572515,5935190,1705226747,1705226747,18446744073709572515
388,18446744073709572514,5936802,1705223123,1705223123,18446744073709572514
389,18446744073709572513,5920800,1705219511,1705219511,18446744073709572513
390,18446744073709572512,5931174,1705215887,1705215887,18446744073709572512
391,18446744073709572511,5962025,1705213007,1705213007,18446744073709572511
392,18446744073709572510,5972240,1705209371,1705209371,18446744073709572510
393,18446744073709572509,5986179,1705205735,1705205735,18446744073709572509
394,18446744073709572508,5990364,1705202111,1705202111,18446744073709572508
395,18446744073709572507,6000084,1705198475,1705198475,18446744073709572507
396,18446744073709572506,6013705,1705194839,1705194839,18446744073709572506
397,18446744073709572505,6005000,1705191215,1705191215,18446744073709572505
398,18446744073709572504,6018984,1705187579,1705187579,18446744073709572504
399,18446744073709572503,5984267,1705185083,1705185083,18446744073709572503
400,18446744073709572502,5986839,1705181459,1705181459,18446744073709572502
401,18446744073709572501,6002476,1705177823,1705177823,18446744073709572501
402,18446744073709572500,5993123,1705174187,1705174187,18446744073709572500
403,18446744073709572499,5994703,1705170563,1705170563,18446744073709572499
404,18446744073709572498,5963078,1705167623,1705167623,18446744073709572498
405,18446744073709572497,5971264,1705163987,1705163987,18446744073709572497
406,18446744073709572496,5940702,1705160927,1705160927,18446744073709572496
407,18446744073709572495,5926727,1705157291,1705157291,18446744073709572495
408,18446744073709572494,5952995,1705153655,1705153655,18446744073709572494
409,18446744073709572493,5969878,1705150031,1705150031,18446744073709572493
410,18446744073709572492,5973968,1705146407,1705146407,18446744073709572492
411,18446744073709572491,5944000,1705144535,1705144535,18446744073709572491
412,18446744073709572490,5917200,1705140911,1705140911,18446744073709572490
413,18446744073709572489,5911243,1705137275,1705137275,18446744073709572489
414,18446744073709572488,5917000,1705133651,1705133651,18446744073709572488
415,18446744073709572487,5916565,1705130015,1705130015,18446744073709572487
416,18446744073709572486,5911780,1705126379,1705126379,18446744073709572486
417,18446744073709572485,5942010,1705122767,1705122767,18446744073709572485
418,18446744073709572484,5961172,1705119119,1705119119,18446744073709572484
419,18446744073709572483,5991975,1705117883,1705117883,18446744073709572483
420,18446744073709572482,5977284,1705114259,1705114259,18446744073709572482
421,18446744073709572481,5945301,1705113023,1705113023,18446744073709572481
422,18446744073709572480,5914030,1705110743,1705110743,18446744073709572480
423,18446744073709572479,5884527,1705107563,1705107563,18446744073709572479
424,18446744073709572478,5888679,1705103927,1705103927,18446744073709572478
425,18446744073709572477,5881409,1705100303,1705100303,18446744073709572477
426,18446744073709572476,5915690,1705099571,1705099571,18446744073709572476
427,18446744073709572475,5883190,1705098407,1705098407,18446744073709572475
428,18446744073709572474,5913993,1705098167,1705098167,18446744073709572474
429,18446744073709572473,5884115,1705097111,1705097111,18446744073709572473
430,18446744073709572472,5844938,1705097087,1705097087,18446744073709572472
431,18446744073709572471,5805424,1705093871,1705093871,18446744073709572471
432,18446744073709572470,5835534,1705093787,1705093787,18446744073709572470
433,18446744073709572469,5865354,1705092011,1705092011,18446744073709572469
434,18446744073709572468,5896978,1705091531,1705091531,18446744073709572468
435,18446744073709572467,5928611,1705089851,1705089851,18446744073709572467
436,18446744073709572466,5959331,1705088003,1705088003,18446744073709572466
437,18446744073709572465,5992810,1705086671,1705086671,18446744073709572465
438,18446744073709572464,5962953,1705085531,1705085531,18446744073709572464
439,18446744073709572463,5939679,1705081895,1705081895,18446744073709572463
440,18446744073709572462,5910056,1705081031,1705081031,18446744073709572462
441,18446744073709572461,5944078,1705080191,1705080191,18446744073709572461
442,18446744073709572460,5982539,1705079975,1705079975,18446744073709572460
443,18446744073709572459,6018622,1705078679,1705078679,18446744073709572459
444,18446744073709572458,6051243,1705078511,1705078511,18446744073709572458
445,18446744073709572457,6017041,1705078451,1705078451,18446744073709572457
446,18446744073709572456,6058051,1705078199,1705078199,18446744073709572456
447,18446744073709572455,6091000,1705077479,1705077479,18446744073709572455
448,18446744073709572454,6060185,1705076759,1705076759,18446744073709572454
449,18446744073709572453,6019466,1705076291,1705076291,18446744073709572453
450,18446744073709572452,5989351,1705075859,1705075859,18446744073709572452
451,18446744073709572451,5957205,1705072919,1705072919,18446744073709572451
452,18446744073709572450,5996466,1705072535,1705072535,18446744073709572450
453,18446744073709572449,5964722,1705071695,1705071695,18446744073709572449
454,18446744073709572448,5930600,1705071419,1705071419,18446744073709572448
455,18446744073709572447,5897769,1705070999,1705070999,18446744073709572447
456,18446744073709572446,5931867,1705070663,1705070663,18446744073709572446
457,18446744073709572445,5901273,1705070495,1705070495,18446744073709572445
458,18446744073709572444,5869954,1705069835,1705069835,18446744073709572444
459,18446744073709572443,5835000,1705068215,1705068215,18446744073709572443
460,18446744073709572442,5865491,1705066559,1705066559,18446744073709572442
461,18446744073709572441,5833954,1705065923,1705065923,18446744073709572441
462,18446744073709572440,5802000,1705065203,1705065203,18446744073709572440
463,18446744073709572439,5803328,1705061579,1705061579,18446744073709572439
464,18446744073709572438,5772752,1705060943,1705060943,18446744073709572438
465,18446744073709572437,5741240,1705058891,1705058891,18446744073709572437
466,18446744073709572436,5709161,1705058771,1705058771,18446744073709572436
467,18446744073709572435,5702721,1705055159,1705055159,18446744073709572435
468,18446744073709572434,5673450,1705052915,1705052915,18446744073709572434
469,18446744073709572433,5679907,1705049279,1705049279,18446744073709572433
470,18446744073709572432,5649110,1705046063,1705046063,18446744073709572432
471,18446744073709572431,5681481,1705043999,1705043999,18446744073709572431
472,18446744073709572430,5663000,1705040363,1705040363,18446744073709572430
473,18446744073709572429,5634474,1705037939,1705037939,18446744073709572429
474,18446744073709572428,5643946,1705034303,1705034303,18446744073709572428
475,18446744073709572427,5640228,1705030667,1705030667,18446744073709572427
476,18446744073709572426,5632494,1705027043,1705027043,18446744073709572426
477,18446744073709572425,5624896,1705023431,1705023431,18446744073709572425
478,18446744073709572424,5619526,1705019807,1705019807,18446744073709572424
479,18446744073709572423,5649172,1705018787,1705018787,18446744073709572423
480,18446744073709572422,5640950,1705015175,1705015175,18446744073709572422
481,18446744073709572421,5632089,1705011551,1705011551,18446744073709572421
482,18446744073709572420,5645817,1705007915,1705007915,18446744073709572420
483,18446744073709572419,5617493,1705007255,1705007255,18446744073709572419
484,18446744073709572418,5587953,1705006175,1705006175,18446744073709572418
485,18446744073709572417,5617834,1705002935,1705002935,18446744073709572417
486,18446744073709572416,5589348,1705001855,1705001855,18446744073709572416
487,18446744073709572415,5617484,1704999275,1704999275,18446744073709572415
488,18446744073709572414,5603999,1704995639,1704995639,18446744073709572414
489,18446744073709572413,5632868,1704992579,1704992579,18446744073709572413
490,18446744073709572412,5603680,1704989183,1704989183,18446744073709572412
491,18446744073709572411,5571772,1704988139,1704988139,18446744073709572411
492,18446744073709572410,5544000,1704986819,1704986819,18446744073709572410
493,18446744073709572409,5574009,1704985799,1704985799,18446744073709572409
494,18446744073709572408,5545037,1704985559,1704985559,18446744073709572408
495,18446744073709572407,5510016,1704985139,1704985139,18446744073709572407
496,18446744073709572406,5481870,1704984479,1704984479,18446744073709572406
497,18446744073709572405,5450887,1704984359,1704984359,18446744073709572405
498,18446744073709572404,5483364,1704983723,1704983723,18446744073709572404
499,18446744073709572403,5516000,1704983063,1704983063,18446744073709572403
500,18446744073709572402,5543735,1704982163,1704982163,18446744073709572402
501,18446744073709572401,5572590,1704981503,1704981503,18446744073709572401
502,18446744073709572400,5601000,1704980747,1704980747,18446744073709572400
503,18446744073709572399,5591218,1704977123,1704977123,18446744073709572399
504,18446744073709572398,5620618,1704975983,1704975983,18446744073709572398
505,18446744073709572397,5649634,1704974303,1704974303,18446744073709572397
506,18446744073709572396,5635090,1704970691,1704970691,18446744073709572396
507,18446744073709572395,5644029,1704967091,1704967091,18446744073709572395
508,18446744073709572394,5645387,1704963467,1704963467,18446744073709572394
509,18446744073709572393,5616876,1704960035,1704960035,18446744073709572393
510,18446744073709572392,5614304,1704956411,1704956411,18446744073709572392
511,18446744073709572391,5643398,1704954071,1704954071,18446744073709572391
512,18446744073709572390,5626488,1704950435,1704950435,18446744073709572390
513,18446744073709572389,5630941,1704946799,1704946799,18446744073709572389
514,18446744073709572388,5661524,1704946139,1704946139,18446744073709572388
515,18446744073709572387,5631802,1704945839,1704945839,18446744073709572387
516,18446744073709572386,5603742,1704945095,1704945095,18446744073709572386
517,18446744073709572385,5575724,1704943859,1704943859,18446744073709572385
518,18446744073709572384,5544969,1704940499,1704940499,18446744073709572384
519,18446744073709572383,5540064,1704936875,1704936875,18446744073709572383
520,18446744073709572382,5570581,1704935219,1704935219,18446744073709572382
521,18446744073709572381,5563041,1704931583,1704931583,18446744073709572381
522,18446744073709572380,5534821,1704928967,1704928967,18446744073709572380
523,18446744073709572379,5506228,1704928727,1704928727,18446744073709572379
524,18446744073709572378,5473849,1704928307,1704928307,18446744073709572378
525,18446744073709572377,5445619,1704926867,1704926867,18446744073709572377
526,18446744073709572376,5472999,1704925187,1704925187,18446744073709572376
527,18446744073709572375,5500876,1704923579,1704923579,18446744073709572375
528,18446744073709572374,5528653,1704922859,1704922859,18446744073709572374
529,18446744073709572373,5500699,1704921707,1704921707,18446744073709572373
530,18446744073709572372,5472118,1704921323,1704921323,18446744073709572372
531,18446744073709572371,5444000,1704921143,1704921143,18446744073709572371
532,18446744073709572370,5416012,1704920771,1704920771,18446744073709572370
533,18446744073709572369,5389000,1704920327,1704920327,18446744073709572369
534,18446744073709572368,5416680,1704919691,1704919691,18446744073709572368
535,18446744073709572367,5377941,1704919451,1704919451,18446744073709572367
536,18446744073709572366,5349809,1704917507,1704917507,18446744073709572366
537,18446744073709572365,5320477,1704916967,1704916967,18446744073709572365
538,18446744073709572364,5350114,1704915791,1704915791,18446744073709572364
539,18446744073709572363,5322347,1704914567,1704914567,18446744073709572363
540,18446744073709572362,5295279,1704914087,1704914087,18446744073709572362
541,18446744073709572361,5267371,1704913847,1704913847,18446744073709572361
542,18446744073709572360,5234292,1704913607,1704913607,18446744073709572360
543,18446744073709572359,5235000,1704909971,1704909971,18446744073709572359
544,18446744073709572358,5262427,1704909431,1704909431,18446744073709572358
545,18446744073709572357,5290048,1704908447,1704908447,18446744073709572357
546,18446744073709572356,5316668,1704905711,1704905711,18446744073709572356
547,18446744073709572355,5344313,1704904235,1704904235,18446744073709572355
548,18446744073709572354,5372708,1704902591,1704902591,18446744073709572354
549,18446744073709572353,5400331,1704901211,1704901211,18446744073709572353
550,18446744073709572352,5371771,1704900551,1704900551,18446744073709572352
551,18446744073709572351,5400716,1704899759,1704899759,18446744073709572351
552,18446744073709572350,5368659,1704899471,1704899471,18446744073709572350
553,18446744073709572349,5332183,1704899051,1704899051,18446744073709572349
554,18446744073709572348,5301000,1704898139,1704898139,18446744073709572348
555,18446744073709572347,5273807,1704895379,1704895379,18446744073709572347
556,18446744073709572346,5292494,1704891695,1704891695,18446744073709572346
557,18446744073709572345,5264694,1704889523,1704889523,18446744073709572345
558,18446744073709572344,5291453,1704886523,1704886523,18446744073709572344
559,18446744073709572343,5282253,1704882899,1704882899,18446744073709572343
560,18446744073709572342,5309111,1704879323,1704879323,18446744073709572342
561,18446744073709572341,5281554,1704878579,1704878579,18446744073709572341
562,18446744073709572340,5253894,1704878303,1704878303,18446744073709572340
563,18446744073709572339,5222448,1704877487,1704877487,18446744073709572339
564,18446744073709572338,5195139,1704875027,1704875027,18446744073709572338
565,18446744073709572337,5192133,1704871403,1704871403,18446744073709572337
566,18446744073709572336,5165362,1704869483,1704869483,18446744073709572336
567,18446744073709572335,5191345,1704866387,1704866387,18446744073709572335
568,18446744073709572334,5182191,1704862751,1704862751,18446744073709572334
569,18446744073709572333,5155313,1704861671,1704861671,18446744073709572333
570,18446744073709572332,5127294,1704858227,1704858227,18446744073709572332
571,18446744073709572331,5115145,1704854615,1704854615,18446744073709572331
572,18446744073709572330,5142398,1704853463,1704853463,18446744073709572330
573,18446744073709572329,5169108,1704852311,1704852311,18446744073709572329
574,18446744073709572328,5195147,1704850295,1704850295,18446744073709572328
575,18446744073709572327,5222731,1704848375,1704848375,18446744073709572327
576,18446744073709572326,5192148,1704846815,1704846815,18446744073709572326
577,18446744073709572325,5164429,1704846395,1704846395,18446744073709572325
578,18446744073709572324,5134739,1704846251,1704846251,18446744073709572324
579,18446744073709572323,5107887,1704845219,1704845219,18446744073709572323
580,18446744073709572322,5081029,1704844559,1704844559,18446744073709572322
581,18446744073709572321,5068716,1704840935,1704840935,18446744073709572321
582,18446744073709572320,5094839,1704840275,1704840275,18446744073709572320
583,18446744073709572319,5121117,1704839939,1704839939,18446744073709572319
584,18446744073709572318,5149520,1704839099,1704839099,18446744073709572318
585,18446744073709572317,5175778,1704838715,1704838715,18446744073709572317
586,18446744073709572316,5149137,1704838379,1704838379,18446744073709572316
587,18446744073709572315,5123081,1704836795,1704836795,18446744073709572315
588,18446744073709572314,5073800,1704836639,1704836639,18446744073709572314
589,18446744073709572313,5038970,1704836615,1704836615,18446744073709572313
590,18446744073709572312,5007539,1704836399,1704836399,18446744073709572312
591,18446744073709572311,4968000,1704836099,1704836099,18446744073709572311
592,18446744073709572310,4995997,1704835775,1704835775,18446744073709572310
593,18446744073709572309,5024000,1704835559,1704835559,18446744073709572309
594,18446744073709572308,4992245,1704835475,1704835475,18446744073709572308
595,18446744073709572307,4950717,1704835403,1704835403,18446744073709572307
596,18446744073709572306,4916536,1704835115,1704835115,18446744073709572306
597,18446744073709572305,4882998,1704835079,1704835079,18446744073709572305
598,18446744073709572304,4848328,1704834983,1704834983,18446744073709572304
599,18446744073709572303,4801810,1704834779,1704834779,18446744073709572303
600,18446744073709572302,4832212,1704832739,1704832739,18446744073709572302
601,18446744073709572301,4846545,1704829103,1704829103,18446744073709572301
602,18446744073709572300,4872041,1704828299,1704828299,18446744073709572300
603,18446744073709572299,4871214,1704824663,1704824663,18446744073709572299
604,18446744073709572298,4846077,1704822203,1704822203,18446744073709572298
605,18446744073709572297,4826419,1704818567,1704818567,18446744073709572297
606,18446744073709572296,4801716,1704817943,1704817943,18446744073709572296
607,18446744073709572295,4826049,1704815723,1704815723,18446744073709572295
608,18446744073709572294,4829007,1704812087,1704812087,18446744073709572294
609,18446744073709572293,4852202,1704808451,1704808451,18446744073709572293
610,18446744073709572292,4876969,1704806471,1704806471,18446744073709572292
611,18446744073709572291,4901911,1704804791,1704804791,18446744073709572291
612,18446744073709572290,4927624,1704802271,1704802271,18446744073709572290
613,18446744073709572289,4937617,1704798635,1704798635,18446744073709572289
614,18446744073709572288,4929693,1704795023,1704795023,18446744073709572288
615,18446744073709572287,4922593,1704791375,1704791375,18446744073709572287
616,18446744073709572286,4926402,1704787739,1704787739,18446744073709572286
617,18446744073709572285,4919650,1704784115,1704784115,18446744073709572285
618,18446744073709572284,4939262,1704780479,1704780479,18446744073709572284
619,18446744073709572283,4948416,1704776843,1704776843,18446744073709572283
620,18446744073709572282,4926450,1704773219,1704773219,18446744073709572282
621,18446744073709572281,4928990,1704769583,1704769583,18446744073709572281
622,18446744073709572280,4954521,1704766667,1704766667,18446744073709572280
623,18446744073709572279,4950414,1704763043,1704763043,18446744073709572279
624,18446744073709572278,4953671,1704759407,1704759407,18446744073709572278
625,18446744073709572277,4961527,1704755771,1704755771,18446744073709572277
626,18446744073709572276,4979005,1704752147,1704752147,18446744073709572276
627,18446744073709572275,4980220,1704748535,1704748535,18446744073709572275
628,18446744073709572274,5004384,1704744911,1704744911,18446744073709572274
629,18446744073709572273,5031999,1704742331,1704742331,18446744073709572273
630,18446744073709572272,5006737,1704741911,1704741911,18446744073709572272
631,18446744073709572271,4980039,1704739811,1704739811,18446744073709572271
632,18446744073709572270,5008656,1704739175,1704739175,18446744073709572270
633,18446744073709572269,5040946,1704736235,1704736235,18446744073709572269
634,18446744073709572268,5011770,1704734675,1704734675,18446744073709572268
635,18446744073709572267,5038668,1704731495,1704731495,18446744073709572267
636,18446744073709572266,5049605,1704727859,1704727859,18446744073709572266
637,18446744073709572265,5041560,1704724235,1704724235,18446744073709572265
638,18446744073709572264,5036605,1704720611,1704720611,18446744073709572264
639,18446744073709572263,5045238,1704716987,1704716987,18446744073709572263
640,18446744073709572262,5019000,1704715043,1704715043,18446744073709572262
641,18446744073709572261,5044687,1704712487,1704712487,18446744073709572261
642,18446744073709572260,5054215,1704708863,1704708863,18446744073709572260
643,18446744073709572259,5066890,1704705251,1704705251,18446744073709572259
644,18446744073709572258,5064378,1704701627,1704701627,18446744073709572258
645,18446744073709572257,5052202,1704698015,1704698015,18446744073709572257
646,18446744073709572256,5034969,1704694391,1704694391,18446744073709572256
647,18446744073709572255,5036212,1704690755,1704690755,18446744073709572255
648,18446744073709572254,5033630,1704687131,1704687131,18446744073709572254
649,18446744073709572253,5030000,1704683519,1704683519,18446744073709572253
650,18446744073709572252,5037259,1704679895,1704679895,18446744073709572252
651,18446744073709572251,5031433,1704676259,1704676259,18446744073709572251
652,18446744073709572250,5053109,1704672635,1704672635,18446744073709572250
653,18446744073709572249,5055041,1704669023,1704669023,18446744073709572249
654,18446744073709572248,5057511,1704665399,1704665399,18446744073709572248
655,18446744073709572247,5076121,1704661787,1704661787,18446744073709572247
656,18446744073709572246,5083210,1704658163,1704658163,18446744073709572246
657,18446744073709572245,5092404,1704654551,1704654551,18446744073709572245
658,18446744073709572244,5079424,1704650951,1704650951,18446744073709572244
659,18446744073709572243,5084415,1704647327,1704647327,18446744073709572243
660,18446744073709572242,5058000,1704645227,1704645227,18446744073709572242
661,18446744073709572241,5058591,1704641591,1704641591,18446744073709572241
662,18446744073709572240,5066983,1704637955,1704637955,18446744073709572240
663,18446744073709572239,5080409,1704634331,1704634331,18446744073709572239
664,18446744073709572238,5077593,1704630695,1704630695,18446744073709572238
665,18446744073709572237,5085261,1704627059,1704627059,18446744073709572237
666,18446744073709572236,5091544,1704623435,1704623435,18446744073709572236
667,18446744073709572235,5081936,1704619799,1704619799,18446744073709572235
668,18446744073709572234,5098533,1704616175,1704616175,18446744073709572234
669,18446744073709572233,5104780,1704612539,1704612539,18446744073709572233
670,18446744073709572232,5108767,1704608903,1704608903,18446744073709572232
671,18446744073709572231,5107254,1704605267,1704605267,18446744073709572231
672,18446744073709572230,5104395,1704601643,1704601643,18446744073709572230
673,18446744073709572229,5102966,1704598031,1704598031,18446744073709572229
674,18446744073709572228,5101659,1704594407,1704594407,18446744073709572228
675,18446744073709572227,5104730,1704590771,1704590771,18446744073709572227
676,18446744073709572226,5103362,1704587135,1704587135,18446744073709572226
677,18446744073709572225,5100052,1704583511,1704583511,18446744073709572225
678,18446744073709572224,5102398,1704579875,1704579875,18446744073709572224
679,18446744073709572223,5106761,1704576239,1704576239,18446744073709572223
680,18446744073709572222,5116227,1704572615,1704572615,18446744073709572222
681,18446744073709572221,5104681,1704568979,1704568979,18446744073709572221
682,18446744073709572220,5113737,1704565343,1704565343,18446744073709572220
683,18446744073709572219,5116698,1704561719,1704561719,18446744073709572219
684,18446744073709572218,5117540,1704558083,1704558083,18446744073709572218
685,18446744073709572217,5116668,1704554447,1704554447,18446744073709572217
686,18446744073709572216,5117999,1704550823,1704550823,18446744073709572216
687,18446744073709572215,5119793,1704547187,1704547187,18446744073709572215
688,18446744073709572214,5123640,1704543551,1704543551,18446744073709572214
689,18446744073709572213,5117839,1704539927,1704539927,18446744073709572213
690,18446744073709572212,5116000,1704536291,1704536291,18446744073709572212
691,18446744073709572211,5115834,1704532655,1704532655,18446744073709572211
692,18446744073709572210,5118650,1704529031,1704529031,18446744073709572210
693,18446744073709572209,5114861,1704525395,1704525395,18446744073709572209
694,18446744073709572208,5120482,1704521759,1704521759,18446744073709572208
695,18446744073709572207,5127603,1704518135,1704518135,18446744073709572207
696,18446744073709572206,5129489,1704514499,1704514499,18446744073709572206
697,18446744073709572205,5132397,1704510863,1704510863,18446744073709572205
698,18446744073709572204,5132438,1704507239,1704507239,18446744073709572204
699,18446744073709572203,5131183,1704503627,1704503627,18446744073709572203
700,18446744073709572202,5133001,1704500003,1704500003,18446744073709572202
701,18446744073709572201,5144173,1704496367,1704496367,18446744073709572201
702,18446744073709572200,5108147,1704493727,1704493727,18446744073709572200
703,18446744073709572199,5122252,1704490091,1704490091,18446744073709572199
704,18446744073709572198,5119236,1704486467,1704486467,18446744073709572198
705,18446744073709572197,5122307,1704482831,1704482831,18446744073709572197
706,18446744073709572196,5122917,1704479195,1704479195,18446744073709572196
707,18446744073709572195,5121363,1704475571,1704475571,18446744073709572195
708,18446744073709572194,5120458,1704471935,1704471935,18446744073709572194
709,18446744073709572193,5107007,1704468299,1704468299,18446744073709572193
710,18446744073709572192,5134397,1704465815,1704465815,18446744073709572192
711,18446744073709572191,5108778,1704464555,1704464555,18446744073709572191
712,18446744073709572190,5113778,1704460919,1704460919,18446744073709572190
713,18446744073709572189,5123504,1704457283,1704457283,18446744073709572189
714,18446744073709572188,5121705,1704453659,1704453659,18446744073709572188
715,18446744073709572187,5135000,1704450047,1704450047,18446744073709572187
716,18446744073709572186,5130482,1704446423,1704446423,18446744073709572186
717,18446744073709572185,5147175,1704442811,1704442811,18446744073709572185
718,18446744073709572184,5160516,1704439187,1704439187,18446744073709572184
719,18446744073709572183,5149169,1704435551,1704435551,18446744073709572183
720,18446744073709572182,5148357,1704431939,1704431939,18446744073709572182
721,18446744073709572181,5161076,1704428291,1704428291,18446744073709572181
722,18446744073709572180,5153120,1704424655,1704424655,18446744073709572180
723,18446744073709572179,5153530,1704421031,1704421031,18446744073709572179
724,18446744073709572178,5126801,1704420059,1704420059,18446744073709572178
725,18446744073709572177,5165720,1704419375,1704419375,18446744073709572177
726,18446744073709572176,5131824,1704417035,1704417035,18446744073709572176
727,18446744073709572175,5133017,1704413399,1704413399,18446744073709572175
728,18446744073709572174,5124999,1704409775,1704409775,18446744073709572174
729,18446744073709572173,5110672,1704406139,1704406139,18446744073709572173
730,18446744073709572172,5136760,1704404399,1704404399,18446744073709572172
731,18446744073709572171,5147271,1704400763,1704400763,18446744073709572171
732,18446744073709572170,5177490,1704399023,1704399023,18446744073709572170
733,18446744073709572169,5164895,1704395387,1704395387,18446744073709572169
734,18446744073709572168,5164368,1704391763,1704391763,18446744073709572168
735,18446744073709572167,5177876,1704388151,1704388151,18446744073709572167
736,18446744073709572166,5152065,1704386711,1704386711,18446744073709572166
737,18446744073709572165,5153803,1704383087,1704383087,18446744073709572165
738,18446744073709572164,5180480,1704379607,1704379607,18446744073709572164
739,18446744073709572163,5161016,1704375971,1704375971,18446744073709572163
740,18446744073709572162,5167420,1704372335,1704372335,18446744073709572162
741,18446744073709572161,5156739,1704368711,1704368711,18446744073709572161
742,18446744073709572160,5161806,1704365075,1704365075,18446744073709572160
743,18446744073709572159,5176000,1704361379,1704361379,18446744073709572159
744,18446744073709572158,5170591,1704357755,1704357755,18446744073709572158
745,18446744073709572157,5185645,1704354119,1704354119,18446744073709572157
746,18446744073709572156,5193000,1704350483,1704350483,18446744073709572156
747,18446744073709572155,5187044,1704346859,1704346859,18446744073709572155
748,18446744073709572154,5184455,1704343223,1704343223,18446744073709572154
749,18446744073709572153,5175124,1704339587,1704339587,18446744073709572153
750,18446744073709572152,5178260,1704335963,1704335963,18446744073709572152
751,18446744073709572151,5174577,1704332327,1704332327,18446744073709572151
752,18446744073709572150,5157987,1704328691,1704328691,18446744073709572150
753,18446744073709572149,5160606,1704325067,1704325067,18446744073709572149
754,18446744073709572148,5170632,1704321455,1704321455,18446744073709572148
755,18446744073709572147,5189979,1704317831,1704317831,18446744073709572147
756,18446744073709572146,5188076,1704314219,1704314219,18446744073709572146
757,18446744073709572145,5180585,1704310595,1704310595,18446744073709572145
758,18446744073709572144,5208489,1704308555,1704308555,18446744073709572144
759,18446744073709572143,5180417,1704307139,1704307139,18446744073709572143
760,18446744073709572142,5190765,1704303515,1704303515,18446744073709572142
761,18446744073709572141,5180052,1704299879,1704299879,18446744073709572141
762,18446744073709572140,5154182,1704298943,1704298943,18446744073709572140
763,18446744073709572139,5180999,1704297743,1704297743,18446744073709572139
764,18446744073709572138,5226003,1704296783,1704296783,18446744073709572138
765,18446744073709572137,5215431,1704293159,1704293159,18446744073709572137
766,18446744073709572136,5225158,1704289463,1704289463,18446744073709572136
767,18446744073709572135,5251839,1704286667,1704286667,18446744073709572135
768,18446744073709572134,5218956,1704285743,1704285743,18446744073709572134
769,18446744073709572133,5192886,1704284183,1704284183,18446744073709572133
770,18446744073709572132,5228086,1704284015,1704284015,18446744073709572132
771,18446744073709572131,5155389,1704283907,1704283907,18446744073709572131
772,18446744073709572130,5190069,1704283847,1704283847,18446744073709572130
773,18446744073709572129,5228811,1704283799,1704283799,18446744073709572129
774,18446744073709572128,5258302,1704283367,1704283367,18446744073709572128
775,18446744073709572127,5294205,1704282947,1704282947,18446744073709572127
776,18446744073709572126,5263200,1704282743,1704282743,18446744073709572126
777,18446744073709572125,5237002,1704280067,1704280067,18446744073709572125
778,18446744073709572124,5244235,1704276431,1704276431,18446744073709572124
779,18446744073709572123,5243208,1704272807,1704272807,18446744073709572123
780,18446744073709572122,5246645,1704269171,1704269171,18446744073709572122
781,18446744073709572121,5241712,1704265535,1704265535,18446744073709572121
782,18446744073709572120,5259943,1704261911,1704261911,18446744073709572120
783,18446744073709572119,5252999,1704258275,1704258275,18446744073709572119
784,18446744073709572118,5233586,1704254639,1704254639,18446744073709572118
785,18446744073709572117,5233128,1704251015,1704251015,18446744073709572117
786,18446744073709572116,5236159,1704247379,1704247379,18446744073709572116
787,18446744073709572115,5233493,1704243743,1704243743,18446744073709572115
788,18446744073709572114,5236859,1704240119,1704240119,18446744073709572114
789,18446744073709572113,5243981,1704236483,1704236483,18446744073709572113
790,18446744073709572112,5243999,1704232847,1704232847,18446744073709572112
791,18446744073709572111,5270916,1704229367,1704229367,18446744073709572111
792,18446744073709572110,5261008,1704225743,1704225743,18446744073709572110
793,18446744073709572109,5238984,1704222107,1704222107,18446744073709572109
794,18446744073709572108,5247991,1704218471,1704218471,18446744073709572108
795,18446744073709572107,5219378,1704214895,1704214895,18446744073709572107
796,18446744073709572106,5216995,1704211271,1704211271,18446744073709572106
797,18446744073709572105,5243837,1704209591,1704209591,18446744073709572105
798,18446744073709572104,5233151,1704205955,1704205955,18446744073709572104
799,18446744073709572103,5260245,1704202535,1704202535,18446744073709572103
800,18446744073709572102,5272443,1704198899,1704198899,18446744073709572102
801,18446744073709572101,5271448,1704195275,1704195275,18446744073709572101
802,18446744073709572100,5268260,1704191663,1704191663,18446744073709572100
803,18446744073709572099,5295132,1704188099,1704188099,18446744073709572099
804,18446744073709572098,5298360,1704184463,1704184463,18446744073709572098
805,18446744073709572097,5270964,1704183923,1704183923,18446744073709572097
806,18446744073709572096,5242570,1704182123,1704182123,18446744073709572096
807,18446744073709572095,5252904,1704178487,1704178487,18446744073709572095
808,18446744073709572094,5265260,1704174863,1704174863,18446744073709572094
809,18446744073709572093,5278791,1704171227,1704171227,18446744073709572093
810,18446744073709572092,5251654,1704168887,1704168887,18446744073709572092
811,18446744073709572091,5243000,1704165251,1704165251,18446744073709572091
812,18446744073709572090,5269464,1704162887,1704162887,18446744073709572090
